N;data;resultado;mandante;gremio;inter;saldo_gremio;saldo_inter;campeonato;estadio;gols
1;18/07/1909;Grêmio 10 X 0 Internacional;Grêmio;10;0;10;-10;Amistoso;Baixada;Booth (G), Booth (G), Booth (G), Booth (G), Booth (G), Grünewald (G), Grünewald (G), Grünewald (G), Grünewald (G), Moreira (G)
2;17/07/1910;Grêmio 5 X 0 Internacional;Grêmio;5;0;5;-5;Citadino;Baixada;Mostardeiro (G), Booth (G), Booth (G), Geyer (G), Moreira (G)
3;18/06/1911;Grêmio 10 X 1 Internacional;Grêmio;10;1;9;-9;Citadino;Outros;Edwin Cox (G), Vinholes (I), ? (G), ? (G), ? (G), ? (G), ? (G), ? (G), ? (G), ? (G), ? (G)
4;23/06/1912;Grêmio 6 X 0 Internacional;Grêmio;6;0;6;-6;Citadino;Baixada;? (G), ? (G), ? (G), ? (G), ? (G), ? (G)
5;15/09/1912;Grêmio 2 X 1 Internacional;Grêmio;2;1;1;-1;Citadino;Baixada;Galvão (I), Booth (G), Booth (G)
6;08/06/1913;Internacional 1 X 2 Grêmio;Internacional;2;1;1;-1;Citadino;Chácara dos Eucaliptos;Ashlin (G), Ashlin (G), Túlio (I)
7;31/10/1915;Grêmio 1 X 4 Internacional;Grêmio;1;4;-3;3;Amistoso;Baixada;Müller (I), Bedionda (I), Bedionda (I), Tulio (I), Sisson (G)
8;30/07/1916;Internacional 6 X 1 Grêmio;Internacional;1;6;-5;5;Citadino;Chácara dos Eucaliptos;Vares (I), Vares (I), Vares (I), Vares (I), Vares (I), Vares (I), Scalco (G)
9;29/10/1916;Grêmio 2 X 3 Internacional;Grêmio;2;3;-1;1;Citadino;Baixada;Túlio (I), Muller (I), Oswaldo (I), Sisson (G), Assumpção (G)
10;10/05/1918;Internacional 5 X 3 Grêmio;Internacional;3;5;-2;2;Citadino;Chácara dos Eucaliptos;Mário Cunha (I), Mário Cunha (I), Ribas (I), Ribas (I), Guimarães (I), Lagarto (G), Lagarto (G), Pavani (G)
11;04/08/1918;Grêmio 1 X 0 Internacional;Grêmio;1;0;1;-1;Citadino;Baixada;Garibotti (G)
12;20/07/1919;Internacional 2 X 0 Grêmio;Internacional;0;2;-2;2;Citadino;Chácara dos Eucaliptos;Carlos Kluwe (I), Pedro (I)
13;14/09/1919;Grêmio 3 X 2 Internacional;Grêmio;3;2;1;-1;Citadino;Baixada;Dorival (G), Lagarto (G), Lewis (G), Gil (I), Bedionda (I)
14;02/05/1920;Internacional 1 X 4 Grêmio;Internacional;4;1;3;-3;Citadino;Chácara dos Eucaliptos;Ramon (G), Ramon (G), Gertum (G), Gertum (G), Geny (I)
15;22/08/1920;Grêmio 2 X 1 Internacional;Grêmio;2;1;1;-1;Citadino;Baixada;Gertum (G), Lagarto (G), Rosário (I)
16;23/09/1923;Grêmio 3 X 2 Internacional;Grêmio;3;2;1;-1;Amistoso;Baixada;Luiz Carvalho (G), Totte (G), Lagarto (G), Barros (I), Eduardo (I)
17;01/11/1923;Internacional 0 X 1 Grêmio;Internacional;1;0;1;-1;Amistoso;Chácara dos Eucaliptos;Armando (G)
18;27/04/1924;Grêmio 4 X 3 Internacional;Grêmio;4;3;1;-1;Amistoso;Baixada;Totte (G), Totte (G), Totte (G), Léo (G), Geny (I), Ribeiro (I), Ribeiro (I)
19;12/11/1924;Internacional 2 X 1 Grêmio;Internacional;1;2;-1;1;Amistoso;Chácara dos Eucaliptos;Veiga (I), Eduardo (I), Bruno (G)
20;24/05/1925;Grêmio 3 X 3 Internacional;Grêmio;3;3;0;0;Citadino;Baixada;Nenê (G), Corô (G), Meneghetti (contra, G), Barros (I), Barros (I), Veiga (I)
21;11/10/1925;Internacional 2 X 2 Grêmio;Internacional;2;2;0;0;Citadino;Outros;Oliveiro (G), Luiz Carvalho (G), Barros (I), Barros (I)
22;27/06/1926;Internacional 1 X 4 Grêmio;Internacional;4;1;3;-3;Citadino;Chácara dos Eucaliptos;Luiz Carvalho (G), Esperança (G), Corô (G), Corô (G), Barros (I)
23;14/11/1926;Grêmio 4 X 3 Internacional;Grêmio;4;3;1;-1;Citadino;Baixada;Luiz Carvalho (G), Luiz Carvalho (G), Corô (G), Telêmaco (G), Ribeiro (I), Ribeiro (I), Barros (I)
24;08/05/1927;Internacional 3 X 2 Grêmio;Internacional;2;3;-1;1;Citadino;Chácara dos Eucaliptos;Ross (I), Miro (I), Ribeiro (I), Telêmaco (G), Telêmaco (G)
25;12/06/1927;Grêmio 1 X 3 Internacional;Grêmio;1;3;-2;2;Citadino;Baixada;Nenê (I), Barros (I), Barros (I), Domingos (G)
26;10/06/1928;Internacional 2 X 3 Grêmio;Internacional;3;2;1;-1;Citadino;Chácara dos Eucaliptos;Luiz Carvalho (G), Luiz Carvalho (G), Telêmaco (G), Ross (I), Ribeiro (I)
27;26/08/1928;Grêmio 2 X 2 Internacional;Grêmio;2;2;0;0;Citadino;Baixada;Telêmaco (G), Esperança (G), Ribeiro (I), Ramão (I)
28;19/11/1928;Internacional 0 X 2 Grêmio;Internacional;2;0;2;-2;Amistoso;Chácara dos Eucaliptos;Telêmaco (G), Nenê (G)
29;26/05/1929;Grêmio 2 X 1 Internacional;Grêmio;2;1;1;-1;Amistoso;Baixada;Corô (G), Moreno (contra, G), Magno (I)
30;14/07/1929;Internacional 4 X 2 Grêmio;Internacional;2;4;-2;2;Citadino;Chácara dos Eucaliptos;Nenê (I), Ribeiro (I), Lourival (I), Lourival (I), Telêmaco (G), Corô (G)
31;10/11/1929;Grêmio 2 X 1 Internacional;Grêmio;2;1;1;-1;Citadino;Baixada;Miro (contra, G), Amâncio (G), Dario (contra, I)
32;04/05/1930;Grêmio 3 X 1 Internacional;Grêmio;3;1;2;-2;Citadino;Baixada;Luiz Carvalho (G), Javel (G), Foguinho (G), Risada (I)
33;14/09/1930;Grêmio 1 X 1 Internacional;Grêmio;1;1;0;0;Citadino;Outros;Javel (G), Miro (I)
34;15/03/1931;Internacional 3 X 0 Grêmio;Internacional;0;3;-3;3;Amistoso;Eucaliptos;Javel (I), Javel (I), Javel (I)
35;26/04/1931;Internacional 1 X 0 Grêmio;Internacional;0;1;-1;1;Citadino;Eucaliptos;Ross (I)
36;28/07/1931;Grêmio 2 X 0 Internacional;Grêmio;2;0;2;-2;Amistoso;Baixada;Luiz Carvalho (G), Foguinho (G)
37;18/10/1931;Grêmio 2 X 1 Internacional;Grêmio;2;1;1;-1;Citadino;Baixada;Artigas (G), Nenê (G), Magno (I)
38;10/07/1932;Grêmio 2 X 0 Internacional;Grêmio;2;0;2;-2;Citadino;Baixada;Artigas (G), Nenê (G)
39;30/10/1932;Internacional 0 X 1 Grêmio;Internacional;1;0;1;-1;Citadino;Eucaliptos;Luiz Carvalho (G)
40;09/04/1933;Grêmio 5 X 3 Internacional;Grêmio;5;3;2;-2;Citadino;Baixada;Luiz Carvalho (G), Luiz Carvalho (G), Nenê (G), Nenê (G), Artigas (G), Venenoso (I), Marreco (I), Tupan (I)
41;13/08/1933;Grêmio 3 X 2 Internacional;Grêmio;3;2;1;-1;Citadino;Baixada;Foguinho (G), Heitor (G), Alemãozinho (G), Risada (I), Venenoso (I)
42;24/06/1934;Internacional 4 X 3 Grêmio;Internacional;3;4;-1;1;Citadino;Eucaliptos;Risada (I), Mancuso (I), Tupan (I), Honório (I), Sardinha II (G), Sardinha II (G), Luiz Carvalho (G)
43;21/10/1934;Grêmio 1 X 2 Internacional;Grêmio;1;2;-1;1;Citadino;Baixada;Tupan (I), Cavaco (I), Laci (G)
44;28/07/1935;Internacional 1 X 1 Grêmio;Internacional;1;1;0;0;Citadino;Eucaliptos;Castilho (G), Mancuso (I)
45;22/09/1935;Grêmio 2 X 0 Internacional;Grêmio;2;0;2;-2;Citadino;Baixada;Foguinho (G), Laci (G)
46;15/03/1936;Grêmio 1 X 1 Internacional;Grêmio;1;1;0;0;Amistoso;Outros;Casaca (G), Castilhos (I)
47;30/08/1936;Internacional 3 X 2 Grêmio;Internacional;2;3;-1;1;Citadino;Eucaliptos;Risada (I), Mancuso (I), Artigas (I), Russinho (G), Russinho (G)
48;01/11/1936;Grêmio 0 X 2 Internacional;Grêmio;0;2;-2;2;Citadino;Eucaliptos;Salvador (I), Artigas (I)
49;31/10/1937;Grêmio 2 X 1 Internacional;Grêmio;2;1;1;-1;Citadino;Baixada;Alemãozinho (G), Alemãozinho (G), Acácio (I)
50;21/11/1937;Grêmio 2 X 0 Internacional;Grêmio;2;0;2;-2;Amistoso;Outros;Casaca (G), Torelli (G)
51;12/12/1937;Internacional 3 X 4 Grêmio;Internacional;4;3;1;-1;Citadino;Eucaliptos;Vanário (G), Casaca (G), Alemãozinho (G), Laci (G), Castilho (I), Acácio (I), Salvador (I)
52;08/05/1938;Internacional 1 X 3 Grêmio;Internacional;3;1;2;-2;Citadino;Eucaliptos;Luiz Carvalho (G), Luiz Carvalho (G), Vanário (G), Silvio Pirillo (I)
53;06/06/1938;Grêmio 4 X 4 Internacional;Grêmio;4;4;0;0;Amistoso;Outros;Luiz Carvalho (G), Casaca (G), Casaca (G), Vanário (G), Silvio Pirillo (I), Silvio Pirillo (I), Carlitos (I), Acácio (I)
54;02/10/1938;Internacional 3 X 4 Grêmio;Internacional;4;3;1;-1;Amistoso;Eucaliptos;Luiz Carvalho (G), Foguinho (G), Mesquita (G), Casaca (G), Acácio (I), Silvio Pirillo (I), Miguel (I)
55;01/11/1938;Grêmio 0 X 6 Internacional;Grêmio;0;6;-6;6;Amistoso;Outros;Acácio (I), Acácio (I), Acácio (I), Silvio Pirillo (I), Filhinho (I), Miguel (I)
56;02/04/1939;Grêmio 1 X 1 Internacional;Grêmio;1;1;0;0;Amistoso;Baixada;Pepito (G), Russinho (I)
57;28/05/1939;Grêmio 2 X 3 Internacional;Grêmio;2;3;-1;1;Amistoso;Outros;Silvio Pirillo (I), Silvio Pirillo (I), Silvio Pirillo (I), César (G), Mesquita (G)
58;20/07/1939;Grêmio 3 X 3 Internacional;Grêmio;3;3;0;0;Amistoso;Baixada;Mesquita (G), Pepito (G), Cesar (G), Brandão (I), Silvio Pirillo (I), Russinho (I)
59;13/08/1939;Internacional 5 X 2 Grêmio;Internacional;2;5;-3;3;Amistoso;Eucaliptos;Filhinho (I), Filhinho (I), Castilho (I), Russinho (I), Silvio Pirillo (I), Cesar (G), Salvador (G)
60;08/10/1939;Internacional 2 X 3 Grêmio;Internacional;3;2;1;-1;Citadino;Eucaliptos;Cesar (G), Alfeu (contra, G), Vanário (G), Carlitos (I), Carlitos (I)
61;17/10/1939;Grêmio 1 X 2 Internacional;Grêmio;1;2;-1;1;Citadino;Outros;Rui (I) Mottim (contra, I), Pepito (G)
62;04/01/1940;Grêmio 1 X 6 Internacional;Grêmio;1;6;-5;5;Amistoso;Baixada;Acácio (I), Acácio (I), Acácio (I), Tesourinha (I), Carlitos (I), Carlitos (I), Salvador (G)
63;13/02/1940;Internacional 2 X 4 Grêmio;Internacional;4;2;2;-2;Citadino;Eucaliptos;Salvador (G), Foguinho (G), Foguinho (G), Cesar (G), Acácio (I), Tesourinha (I)
64;28/04/1940;Grêmio 2 X 3 Internacional;Grêmio;2;3;-1;1;Citadino;Baixada;Rui (I), Russinho (I), Carlitos (I), Cesar (G), Cesar (G)
65;07/07/1940;Internacional 2 X 5 Grêmio;Internacional;5;2;3;-3;Citadino;Eucaliptos;Foguinho (G), Foguinho (G), Malaquias (G), Cesar (G), Cesar (G), Marques (I), Marques (I)
66;29/10/1940;Grêmio 3 X 4 Internacional;Grêmio;3;4;-1;1;Citadino;Outros;Tesourinha (I), Tesourinha (I), Russinho (I), Russinho (I), Mário (G), Mário (G), Cesar (G)
67;18/05/1941;Grêmio 2 X 2 Internacional;Grêmio;2;2;0;0;Amistoso;Outros;Ivo (G), Malaquias (G), Carlitos (I), Rui (I)
68;25/05/1941;Grêmio 2 X 3 Internacional;Grêmio;2;3;-1;1;Amistoso;Outros;Carlitos (I), Vilalba (I), Tesourinha (I), Foguinho (G), Foguinho (G)
69;17/08/1941;Internacional 3 X 0 Grêmio;Internacional;0;3;-3;3;Citadino;Eucaliptos;Carlitos (I), Vilalba (I), Vilalba (I)
70;19/10/1941;Grêmio 2 X 1 Internacional;Grêmio;2;1;1;-1;Citadino;Baixada;Malaquias (G), Ochotorena (G), Vilalba (I)
71;11/01/1942;Grêmio 1 X 1 Internacional;Grêmio;1;1;0;0;Citadino;Outros;Malaquias (G), Vilalba (I)
72;19/04/1942;Grêmio 1 X 1 Internacional;Grêmio;1;1;0;0;Citadino;Outros;Chico (G), Carlitos (I)
73;12/07/1942;Grêmio 2 X 4 Internacional;Grêmio;2;4;-2;2;Citadino;Baixada;Russinho (I), Russinho (I), Vilalba (I), Carlitos (I), Medina (G), Chico (G)
74;30/08/1942;Internacional 4 X 2 Grêmio;Internacional;2;4;-2;2;Citadino;Eucaliptos;Vilalba (I), Carlitos (I), Carlitos (I), Tesourinha (I), Ivo (G), Malaquias (G)
75;28/02/1943;Grêmio 1 X 5 Internacional;Grêmio;1;5;-4;4;Amistoso;Baixada;Carlitos (I), Carlitos (I), Rui (I), Vilalba (I), Tesourinha (I), Neco (G)
76;11/03/1943;Internacional 5 X 1 Grêmio;Internacional;1;5;-4;4;Amistoso;Eucaliptos;Tesourinha (I), Carlitos (I), Rui (I), Rui (I), Ezequial (I), Neco (G)
77;06/06/1943;Grêmio 3 X 3 Internacional;Grêmio;3;3;0;0;Citadino;Outros;Galdino (G), Galdino (G), Soares (G), Abigail (I), Carlitos (I), Vilalba (I)
78;11/07/1943;Internacional 3 X 0 Grêmio;Internacional;0;3;-3;3;Citadino;Eucaliptos;Joane (I), Tesourinha (I), Ênio (I)
79;19/09/1943;Grêmio 0 X 1 Internacional;Grêmio;0;1;-1;1;Citadino;Baixada;Rui (I)
80;13/02/1944;Internacional 3 X 2 Grêmio;Internacional;2;3;-1;1;Amistoso;Eucaliptos;Perez (I), Perez (I), Rui (I), Tonguinha (G), Mário (G)
81;30/04/1944;Internacional 4 X 2 Grêmio;Internacional;2;4;-2;2;Citadino;Eucaliptos;Tesourinha (I), Carlitos (I), Rui (I), Assis (I), Ivo (G), Sanghinetti (G)
82;28/05/1944;Grêmio 3 X 7 Internacional;Grêmio;3;7;-4;4;Amistoso;Baixada;Volpi (I), Volpi (I), Volpi (I), Rui (I), Rui (I), Tesourinha (I), Assis (I), Bentevi (G), Vinícius (G), Ivo (G)
83;13/08/1944;Grêmio 4 X 3 Internacional;Grêmio;4;3;1;-1;Citadino;Baixada;Ramon Castro (G), Ramon Castro (G), Bentevi (G), Mário (G), Elizeu (I), Rui (I), Adãozinho (I)
84;08/10/1944;Grêmio 1 X 2 Internacional;Grêmio;1;2;-1;1;Citadino;Outros;Carlitos (I), Volpi (I), Ramon Castro (G)
85;09/02/1945;Grêmio 0 X 2 Internacional;Grêmio;0;2;-2;2;Amistoso;Outros;Adãozinho (I), Xinxim (I)
86;23/02/1945;Grêmio 1 X 1 Internacional;Grêmio;1;1;0;0;Amistoso;Outros;Bombachudo (G), Adãozinho (I)
87;08/04/1945;Internacional 3 X 2 Grêmio;Internacional;2;3;-1;1;Citadino;Eucaliptos;Carlitos (I), Elizeu (I), Tesourinha (I), Bentevi (G), Mário (G)
88;24/06/1945;Grêmio 1 X 4 Internacional;Grêmio;1;4;-3;3;Citadino;Baixada;Carlitos (I), Tesourinha (I), Adãozinho (I), Adãozinho (I), Segura (G)
89;30/09/1945;Internacional 4 X 2 Grêmio;Internacional;2;4;-2;2;Citadino;Outros;Ivo Aguiar (I), Hugo (contra, I), Tesourinha (I), Carlitos (I), Sanghinetti (G), Massinha (G)
90;05/05/1946;Grêmio 0 X 1 Internacional;Grêmio;0;1;-1;1;Amistoso;Outros;Carlitos (I)
91;23/06/1946;Grêmio 4 X 3 Internacional;Grêmio;4;3;1;-1;Amistoso;Outros;Beresi (G), Jorge (G), Jorge (G), Bentevi (G), Adãozinho (I), Elizeu (I), Elizeu (I)
92;14/07/1946;Grêmio 0 X 1 Internacional;Grêmio;0;1;-1;1;Citadino;Baixada;Carlitos (I)
93;15/09/1946;Internacional 1 X 2 Grêmio;Internacional;2;1;1;-1;Citadino;Eucaliptos;Cordeiro (G), Cordeiro (G), Carlitos (I)
94;01/05/1947;Grêmio 0 X 4 Internacional;Grêmio;0;4;-4;4;Amistoso;Outros;Joni (contra, I), Tesourinha (I), Vilalba (I), Adãozinho (I)
95;20/07/1947;Internacional 3 X 0 Grêmio;Internacional;0;3;-3;3;Citadino;Eucaliptos;Sanghinetti (contra, I), Adãozinho (I), Vilalba (I)
96;10/08/1947;Grêmio 1 X 2 Internacional;Grêmio;1;2;-1;1;Amistoso;Outros;Carlitos (I), Vilalba (I), Massinha (G)
97;05/10/1947;Grêmio 1 X 2 Internacional;Grêmio;1;2;-1;1;Citadino;Baixada;Vilalba (I), Carlitos (I), Nena (contra, G)
98;26/10/1947;Grêmio 0 X 3 Internacional;Grêmio;0;3;-3;3;Amistoso;Outros;Carlitos (I), Carlitos (I), Adãozinho (I)
99;23/11/1947;Grêmio 2 X 2 Internacional;Grêmio;2;2;0;0;Citadino;Outros;Beroci (G), Prego (G), Adãozinho (I), Fandinho (I)
100;30/05/1948;Grêmio 0 X 0 Internacional;Grêmio;0;0;0;0;Amistoso;Outros;
101;20/06/1948;Grêmio 1 X 1 Internacional;Grêmio;1;1;0;0;Amistoso;Outros;Teotônio (G), Adãozinho (I)
102;18/07/1948;Grêmio 2 X 6 Internacional;Grêmio;2;6;-4;4;Amistoso;Outros;Carlitos (I), Carlitos (I), Carlitos (I), Vilalba (I), Tesourinha (I), Rebolo (I), Teotônio (G), Prego (G)
103;22/08/1948;Internacional 3 X 2 Grêmio;Internacional;2;3;-1;1;Citadino;Eucaliptos;Elizeu (I), Leônidas (I), Adãozinho (I), Hermes (G), Teotônio (G)
104;17/09/1948;Grêmio 0 X 7 Internacional;Grêmio;0;7;-7;7;Citadino;Baixada;Vilalba (I), Vilalba (I), Vilalba (I), Vilalba (I), Carlitos (I), Carlitos (I), Roberto (I)
105;14/12/1948;Internacional 2 X 0 Grêmio;Internacional;0;2;-2;2;Amistoso;Eucaliptos;Ghizoni (I), Ghizoni (I)
106;01/05/1949;Grêmio 2 X 2 Internacional;Grêmio;2;2;0;0;Amistoso;Outros;Geada (G), Ariovaldo (G), Adãozinho (I), Adãozinho (I)
107;29/05/1949;Grêmio 2 X 4 Internacional;Grêmio;2;4;-2;2;Amistoso;Outros;Vilalba (I), Vilalba (I), Carlitos (I), Tesourinha (I), Ariovaldo (G), Geada (G)
108;28/08/1949;Grêmio 1 X 1 Internacional;Grêmio;1;1;0;0;Citadino;Baixada;Teotônio (G), Carlitos (I)
109;07/09/1949;Grêmio 0 X 2 Internacional;Grêmio;0;2;-2;2;Amistoso;Outros;Vilalba (I), Adãozinho (I)
110;30/10/1949;Internacional 0 X 1 Grêmio;Internacional;1;0;1;-1;Citadino;Eucaliptos;Geada (G)
111;14/03/1950;Internacional 2 X 0 Grêmio;Internacional;0;2;-2;2;Amistoso;Outros;Alberi (I), Ghizoni (I)
112;23/03/1950;Grêmio 3 X 0 Internacional;Grêmio;3;0;3;-3;Amistoso;Outros;Sano (G), Sano (G), Balejo (G)
113;01/04/1950;Grêmio 1 X 1 Internacional;Grêmio;1;1;0;0;Amistoso;Outros;Apis (G), Ghizoni (I)
114;25/06/1950;Internacional 0 X 1 Grêmio;Internacional;1;0;1;-1;Amistoso;Eucaliptos;Ariovaldo (G)
115;27/08/1950;Grêmio 0 X 1 Internacional;Grêmio;0;1;-1;1;Amistoso;Outros;Herculano (I)
116;28/10/1950;Internacional 0 X 0 Grêmio;Internacional;0;0;0;0;Citadino;Eucaliptos;
117;24/12/1950;Grêmio 0 X 0 Internacional;Grêmio;0;0;0;0;Citadino;Baixada;
118;27/12/1950;Grêmio 3 X 4 Internacional;Grêmio;3;4;-1;1;Citadino;Outros;Carlitos (I), Carlitos (I), Solis (I), Solis (I), Ariovaldo (G), Dirceu (G), Apis (G)
119;30/12/1950;Grêmio 0 X 1 Internacional;Grêmio;0;1;-1;1;Citadino;Outros;Adãozinho (I)
120;03/01/1951;Grêmio 0 X 3 Internacional;Grêmio;0;3;-3;3;Amistoso;Outros;Solis (I), Carlitos (I), Carlitos (I)
121;27/05/1951;Grêmio 0 X 0 Internacional;Grêmio;0;0;0;0;Amistoso;Baixada;
122;20/06/1951;Internacional 1 X 2 Grêmio;Internacional;2;1;1;-1;Amistoso;Eucaliptos;Geada (G), Apis (G), Canhotinho (I)
123;26/08/1951;Grêmio 1 X 1 Internacional;Grêmio;1;1;0;0;Citadino;Baixada;Ferraz (G), Huguinho (I)
124;02/12/1951;Internacional 2 X 2 Grêmio;Internacional;2;2;0;0;Citadino;Eucaliptos;Ferraz (G), Ferraz (G), Solis (I), Huguinho (I)
125;13/07/1952;Grêmio 2 X 1 Internacional;Grêmio;2;1;1;-1;Amistoso;Baixada;Gita (G), Camacho (G), Camargo (I)
126;17/08/1952;Grêmio 1 X 1 Internacional;Grêmio;1;1;0;0;Amistoso;Outros;Pedrinho (G), Bodinho (I)
127;12/10/1952;Grêmio 0 X 0 Internacional;Grêmio;0;0;0;0;Citadino;Baixada;
128;07/12/1952;Internacional 5 X 1 Grêmio;Internacional;1;5;-4;4;Citadino;Eucaliptos;Jerônimo (I), Jerônimo (I), Salvador (I), Bodinho (I), Luizinho (I), Sarará (G)
129;08/12/1952;Internacional 1 X 1 Grêmio;Internacional;1;1;0;0;Amistoso;Eucaliptos;Camacho (G), Huguinho (I)
130;05/07/1953;Internacional 1 X 1 Grêmio;Internacional;1;1;0;0;Citadino;Eucaliptos;Torres (G), Bodinho (I)
131;01/11/1953;Grêmio 0 X 2 Internacional;Grêmio;0;2;-2;2;Citadino;Baixada;Jerônimo (I), Canhotinho (I)
132;11/02/1954;Grêmio 2 X 3 Internacional;Grêmio;2;3;-1;1;Amistoso;Outros;Airton (I), Airton (I), Vitor (G), Torres (G)
133;18/07/1954;Internacional 3 X 1 Grêmio;Internacional;1;3;-2;2;Amistoso;Eucaliptos;Bodinho (I), Bodinho (I), Larry (I), Itamar (G)
134;25/07/1954;Grêmio 0 X 4 Internacional;Grêmio;0;4;-4;4;Citadino;Outros;Larry (I), Larry (I), Oreco (I), Luizinho (I)
135;26/09/1954;Grêmio 2 X 6 Internacional;Grêmio;2;6;-4;4;Amistoso;Olímpico;Jerônimo (I), Larry (I), Larry (I), Larry (I), Larry (I), Sarará (G), Canhotinho (I), Zunino (G)
136;31/10/1954;Grêmio 1 X 1 Internacional;Grêmio;1;1;0;0;Citadino;Olímpico;Zunino (G), Bodinho (I)
137;09/01/1955;Internacional 2 X 1 Grêmio;Internacional;1;2;-1;1;Amistoso;Eucaliptos;Larry (I), Bodinho (I), Chico Preto (G)
138;24/07/1955;Grêmio 2 X 1 Internacional;Grêmio;2;1;1;-1;Citadino;Olímpico;Zunino (G), Milton (G), Chinesinho (I)
139;06/11/1955;Internacional 3 X 1 Grêmio;Internacional;1;3;-2;2;Citadino;Eucaliptos;Jerônimo (I), Bodinho (I), Bodinho (I), Lindoberto (contra, G)
140;02/09/1956;Grêmio 2 X 1 Internacional;Grêmio;2;1;1;-1;Citadino;Olímpico;Hercílio (G), Larry (I), Juarez (G)
141;12/12/1956;Internacional 1 X 0 Grêmio;Internacional;0;1;-1;1;Citadino;Eucaliptos;Ivo Diogo (I)
142;28/07/1957;Internacional 1 X 1 Grêmio;Internacional;1;1;0;0;Citadino;Eucaliptos;Milton Kuelle (G), Ivo Diogo (I)
143;01/12/1957;Grêmio 5 X 3 Internacional;Grêmio;5;3;2;-2;Citadino;Olímpico;Gessy (G), Gessy (G), Gessy (G), Vieira (G), Oswaldo (G), Airton (contra, I), Luizinho (I), Bodinho (I)
144;23/12/1957;Grêmio 1 X 2 Internacional;Grêmio;1;2;-1;1;Citadino;Olímpico;Larry (I), Ivo Diogo (I), Juarez (G)
145;17/08/1958;Internacional 1 X 2 Grêmio;Internacional;2;1;1;-1;Citadino;Eucaliptos;Bodinho (I), Vieira (G), Gessy (G)
146;21/12/1958;Grêmio 0 X 1 Internacional;Grêmio;0;1;-1;1;Citadino;Olímpico;Orlando (contra, I)
147;05/02/1959;Grêmio 2 X 2 Internacional;Grêmio;2;2;0;0;Citadino;Olímpico;Giovani (G), Juarez (G), Tati (I), Canhotinho (I)
148;26/04/1959;Internacional 1 X 2 Grêmio;Internacional;2;1;1;-1;Amistoso;Eucaliptos;Gessy (G), Gessy (G), Cacaio (I)
149;16/08/1959;Internacional 1 X 2 Grêmio;Internacional;2;1;1;-1;Citadino;Eucaliptos;Juarez (G), Juarez (G), Ivo Diogo (I)
150;29/11/1959;Grêmio 4 X 1 Internacional;Grêmio;4;1;3;-3;Citadino;Olímpico;Milton Kuelle (G), Élton (G), Élton (G), Gessy (G), Deraldo (I)
151;05/01/1960;Grêmio 2 X 3 Internacional;Grêmio;2;3;-1;1;Citadino;Olímpico;Ivo Diogo (I), Alfeu (I), Alfeu (I), Gessy (G), Juarez (G)
152;21/04/1960;Internacional 0 X 3 Grêmio;Internacional;3;0;3;-3;Amistoso;Eucaliptos;Milton Kuelle (G), Milton Kuelle (G), Élton (G)
153;21/08/1960;Internacional 1 X 5 Grêmio;Internacional;5;1;4;-4;Citadino;Eucaliptos;Juarez (G), Juarez (G), Juarez (G), Gessy (G), Vieira (G), Ivo Diogo (I)
154;20/11/1960;Grêmio 1 X 1 Internacional;Grêmio;1;1;0;0;Citadino;Olímpico;Juarez (G), Deraldo (I)
155;23/12/1960;Grêmio 1 X 2 Internacional;Grêmio;1;2;-1;1;Citadino;Olímpico;Ivo Diogo (I), Alfeu (I), Cardoso (G)
156;10/09/1961;Grêmio 1 X 2 Internacional;Grêmio;1;2;-1;1;Gaúcho;Olímpico;Gilberto Andrade (I), Alfeu (I), Paulo Lumumba (G)
157;10/12/1961;Internacional 2 X 3 Grêmio;Internacional;3;2;1;-1;Gaúcho;Eucaliptos;Alfeu (I), Alfeu (I), Nadir (G), Marino (G), Juarez (G)
158;16/02/1962;Grêmio 1 X 1 Internacional;Grêmio;1;1;0;0;Outros;Olímpico;Élton (G), Sérgio Lopes (I)
159;18/03/1962;Internacional 1 X 2 Grêmio;Internacional;2;1;1;-1;Outros;Eucaliptos;Joãozinho (G), Vieira (G), Sapiranga (I)
160;12/08/1962;Grêmio 0 X 0 Internacional;Grêmio;0;0;0;0;Gaúcho;Olímpico;
161;07/09/1962;Grêmio 2 X 1 Internacional;Grêmio;2;1;1;-1;Amistoso;Outros;Élton (G), Marino (G), Flávio (I)
162;09/09/1962;Grêmio 1 X 1 Internacional;Grêmio;1;1;0;0;Amistoso;Olímpico;Milton Kuelle (G), Zangão (I)
163;16/12/1962;Internacional 0 X 2 Grêmio;Internacional;2;0;2;-2;Gaúcho;Eucaliptos;Marino (G), Marino (G)
164;07/02/1963;Grêmio 4 X 2 Internacional;Grêmio;4;2;2;-2;Gaúcho;Olímpico;Ivo Diogo (G), Ivo Diogo (G), Joãozinho (G), Vieira (G), Flávio (I), Soligo (I)
165;14/04/1963;Internacional 2 X 1 Grêmio;Internacional;1;2;-1;1;Amistoso;Eucaliptos;Flávio (I), Flávio (I), Marino (G)
166;01/05/1963;Grêmio 4 X 1 Internacional;Grêmio;4;1;3;-3;Amistoso;Olímpico;Marino (G), Marino (G), Marino (G), Marino (G), Paulo Araújo (I)
167;29/09/1963;Internacional 0 X 1 Grêmio;Internacional;1;0;1;-1;Gaúcho;Eucaliptos;Marino (G)
168;14/12/1963;Grêmio 1 X 0 Internacional;Grêmio;1;0;1;-1;Gaúcho;Olímpico;Carlos Alberto (contra, G)
169;19/04/1964;Internacional 1 X 0 Grêmio;Internacional;0;1;-1;1;Amistoso;Outros;Vanderlei (I)
170;23/04/1964;Grêmio 3 X 0 Internacional;Grêmio;3;0;3;-3;Amistoso;Olímpico;Alcindo (G), Alcindo (G), Alcindo (G)
171;26/07/1964;Internacional 0 X 0 Grêmio;Internacional;0;0;0;0;Gaúcho;Eucaliptos;
172;20/08/1964;Grêmio 0 X 2 Internacional;Grêmio;0;2;-2;2;Amistoso;Olímpico;Croaré (I), Dorinho (I)
173;01/11/1964;Grêmio 3 X 0 Internacional;Grêmio;3;0;3;-3;Gaúcho;Olímpico;Alcindo (G), Alcindo (G), Joãozinho (G)
174;21/11/1964;Internacional 1 X 0 Grêmio;Internacional;0;1;-1;1;Amistoso;Eucaliptos;Sapiranga (I)
175;10/12/1964;Grêmio 1 X 2 Internacional;Grêmio;1;2;-1;1;Amistoso;Olímpico;Edmilson (I), Dorinho (I), Aureo (G)
176;21/03/1965;Grêmio 0 X 0 Internacional;Grêmio;0;0;0;0;Amistoso;Outros;
177;29/08/1965;Grêmio 2 X 1 Internacional;Grêmio;2;1;1;-1;Gaúcho;Olímpico;Joãozinho (G), Alcindo (G), David (I)
178;12/12/1965;Internacional 0 X 1 Grêmio;Internacional;1;0;1;-1;Gaúcho;Eucaliptos;Alcindo (G)
179;17/02/1966;Grêmio 0 X 1 Internacional;Grêmio;0;1;-1;1;Gaúcho;Olímpico;Dorinho (I)
180;02/10/1966;Internacional 0 X 1 Grêmio;Internacional;1;0;1;-1;Gaúcho;Eucaliptos;Alcindo (G)
181;05/03/1967;Grêmio 0 X 2 Internacional;Grêmio;0;2;-2;2;Outros;Olímpico;Bráulio (I), Carlinhos (I)
182;24/05/1967;Grêmio 1 X 1 Internacional;Grêmio;1;1;0;0;Outros;Olímpico;Cléo (G), Joaquim (I)
183;04/06/1967;Grêmio 0 X 0 Internacional;Grêmio;0;0;0;0;Outros;Olímpico;
184;16/09/1967;Grêmio 0 X 1 Internacional;Grêmio;0;1;-1;1;Gaúcho;Olímpico;Claudiomiro (I)
185;17/12/1967;Internacional 1 X 0 Grêmio;Internacional;0;1;-1;1;Gaúcho;Eucaliptos;Dorinho (I)
186;12/05/1968;Internacional 1 X 1 Grêmio;Internacional;1;1;0;0;Gaúcho;Eucaliptos;Valdomiro (I), Alcindo (G)
187;02/06/1968;Grêmio 4 X 0 Internacional;Grêmio;4;0;4;-4;Gaúcho;Olímpico;Alcindo (G), Alcindo (G), Joãozinho (G), Volmir (G)
188;24/11/1968;Grêmio 0 X 0 Internacional;Grêmio;0;0;0;0;Outros;Olímpico;
189;20/04/1969;Internacional 0 X 0 Grêmio;Internacional;0;0;0;0;Amistoso;Beira-Rio;
190;22/06/1969;Grêmio 0 X 0 Internacional;Grêmio;0;0;0;0;Gaúcho;Olímpico;
191;21/09/1969;Internacional 1 X 0 Grêmio;Internacional;0;1;-1;1;Outros;Beira-Rio;Sérgio (I)
192;21/12/1969;Internacional 0 X 0 Grêmio;Internacional;0;0;0;0;Gaúcho;Beira-Rio;
193;09/05/1970;Grêmio 0 X 0 Internacional;Grêmio;0;0;0;0;Amistoso;Olímpico;
194;09/08/1970;Internacional 0 X 0 Grêmio;Internacional;0;0;0;0;Gaúcho;Beira-Rio;
195;20/09/1970;Grêmio 1 X 2 Internacional;Grêmio;1;2;-1;1;Gaúcho;Olímpico;Loivo (G), Valdomiro (I), Edson Madureira (I)
196;28/10/1970;Grêmio 0 X 0 Internacional;Grêmio;0;0;0;0;Outros;Olímpico;
197;24/03/1971;Internacional 0 X 2 Grêmio;Internacional;2;0;2;-2;Amistoso;Beira-Rio;Gaspar (G), Flecha (G)
198;30/05/1971;Internacional 1 X 1 Grêmio;Internacional;1;1;0;0;Gaúcho;Beira-Rio;Loivo (G), Canhoto (I)
199;27/06/1971;Grêmio 0 X 0 Internacional;Grêmio;0;0;0;0;Gaúcho;Olímpico;
200;04/08/1971;Internacional 1 X 3 Grêmio;Internacional;3;1;2;-2;Gaúcho;Beira-Rio;Caio (G), Caio (G), Everaldo (contra, I), Scota (G)
201;17/10/1971;Internacional 1 X 0 Grêmio;Internacional;0;1;-1;1;Brasileiro;Beira-Rio;Sérgio (I)
202;02/03/1972;Internacional 1 X 1 Grêmio;Internacional;1;1;0;0;Amistoso;Beira-Rio;Caio (G), Ancheta (contra, I)
203;05/03/1972;Grêmio 1 X 1 Internacional;Grêmio;1;1;0;0;Amistoso;Olímpico;Claudiomiro (I), Ancheta (G)
204;26/03/1972;Internacional 0 X 0 Grêmio;Internacional;0;0;0;0;Amistoso;Beira-Rio;
205;21/05/1972;Internacional 2 X 2 Grêmio;Internacional;2;2;0;0;Gaúcho;Beira-Rio;Pontes (contra, G), Mazinho (G), Pontes (I), Figueroa (I)
206;06/08/1972;Grêmio 0 X 1 Internacional;Grêmio;0;1;-1;1;Gaúcho;Olímpico;Claudiomiro (I)
207;20/08/1972;Grêmio 0 X 1 Internacional;Grêmio;0;1;-1;1;Citadino;Olímpico;Arlen (I)
208;30/08/1972;Internacional 2 X 0 Grêmio;Internacional;0;2;-2;2;Citadino;Beira-Rio;Escurinho (I), Volmir (I)
209;20/09/1972;Internacional 1 X 0 Grêmio;Internacional;0;1;-1;1;Brasileiro;Beira-Rio;Figueroa (I)
210;20/05/1973;Internacional 1 X 1 Grêmio;Internacional;1;1;0;0;Gaúcho;Beira-Rio;Oberti (G), Djair (I)
211;05/08/1973;Grêmio 0 X 0 Internacional;Grêmio;0;0;0;0;Gaúcho;Olímpico;
212;11/11/1973;Internacional 1 X 1 Grêmio;Internacional;1;1;0;0;Brasileiro;Beira-Rio;Valdomiro (I), Mazinho (G)
213;24/03/1974;Internacional 2 X 1 Grêmio;Internacional;1;2;-1;1;Brasileiro;Beira-Rio;Bolivar (G), Claudiomiro (I), Valdomiro (I)
214;29/09/1974;Grêmio 0 X 1 Internacional;Grêmio;0;1;-1;1;Gaúcho;Olímpico;Escurinho (I)
215;01/12/1974;Internacional 1 X 0 Grêmio;Internacional;0;1;-1;1;Gaúcho;Beira-Rio;Valdomiro (I)
216;01/05/1975;Internacional 2 X 0 Grêmio;Internacional;0;2;-2;2;Amistoso;Beira-Rio;Escurinho (I), Escurinho (I)
217;13/07/1975;Grêmio 1 X 2 Internacional;Grêmio;1;2;-1;1;Gaúcho;Olímpico;Flávio (I), Carpegiani (I), Falcão (contra, G)
218;23/07/1975;Internacional 1 X 3 Grêmio;Internacional;3;1;2;-2;Gaúcho;Beira-Rio;Zequinha (G), Zequinha (G), Falcão (I), Vacaria (contra, G)
219;06/08/1975;Grêmio 1 X 1 Internacional;Grêmio;1;1;0;0;Gaúcho;Olímpico;Nenê (G), Figueroa (I)
220;10/08/1975;Internacional 1 X 0 Grêmio;Internacional;0;1;-1;1;Gaúcho;Beira-Rio;Flávio (I)
221;07/09/1975;Internacional 1 X 1 Grêmio;Internacional;1;1;0;0;Brasileiro;Beira-Rio;Lula (I), Zequinha (G)
222;23/11/1975;Internacional 1 X 0 Grêmio;Internacional;0;1;-1;1;Brasileiro;Beira-Rio;Beto Fuscão (contra, I)
223;25/07/1976;Internacional 2 X 0 Grêmio;Internacional;0;2;-2;2;Gaúcho;Beira-Rio;Figueroa (I), Carpegiani (I)
224;28/07/1976;Grêmio 2 X 0 Internacional;Grêmio;2;0;2;-2;Gaúcho;Olímpico;Alexandre Bueno (G), Ancheta (G)
225;09/08/1976;Internacional 1 X 0 Grêmio;Internacional;0;1;-1;1;Gaúcho;Beira-Rio;Beto Fuscão (contra, I)
226;18/08/1976;Grêmio 1 X 1 Internacional;Grêmio;1;1;0;0;Gaúcho;Olímpico;Tarciso (G), Escurinho (I)
227;22/08/1976;Internacional 2 X 0 Grêmio;Internacional;0;2;-2;2;Gaúcho;Beira-Rio;Lula (I), Dario (I)
228;07/09/1976;Internacional 3 X 1 Grêmio;Internacional;1;3;-2;2;Brasileiro;Beira-Rio;Alexandre Bueno (G), Lula (I), Lula (I), Jair (I)
229;17/04/1977;Grêmio 3 X 0 Internacional;Grêmio;3;0;3;-3;Gaúcho;Olímpico;Tadeu Ricci (G), Tadeu Ricci (G), Alcindo (G)
230;08/05/1977;Internacional 1 X 0 Grêmio;Internacional;0;1;-1;1;Gaúcho;Beira-Rio;Santos (I)
231;29/05/1977;Grêmio 0 X 1 Internacional;Grêmio;0;1;-1;1;Gaúcho;Olímpico;Dario (I)
232;03/06/1977;Internacional 0 X 0 Grêmio;Internacional;0;0;0;0;Gaúcho;Beira-Rio;
233;14/08/1977;Grêmio 2 X 1 Internacional;Grêmio;2;1;1;-1;Gaúcho;Olímpico;Iúra (G), Tarciso (G), Hermínio (I)
234;18/09/1977;Internacional 0 X 2 Grêmio;Internacional;2;0;2;-2;Gaúcho;Beira-Rio;Tadeu Ricchi (G), Tarciso (G)
235;25/09/1977;Grêmio 1 X 0 Internacional;Grêmio;1;0;1;-1;Gaúcho;Olímpico;André (G)
236;06/11/1977;Internacional 0 X 4 Grêmio;Internacional;4;0;4;-4;Brasileiro;Beira-Rio;Iura (G), Iura (G), Tadeu Ricchi (G), Tarciso (G)
237;23/04/1978;Internacional 2 X 3 Grêmio;Internacional;3;2;1;-1;Brasileiro;Beira-Rio;Lúcio (I), André (G), Falcão (I), Ladinho (G), Éder (G)
238;20/08/1978;Grêmio 2 X 1 Internacional;Grêmio;2;1;1;-1;Gaúcho;Olímpico;Anchieta (I), André (G), Éder (G)
239;07/09/1978;Internacional 1 X 0 Grêmio;Internacional;0;1;-1;1;Gaúcho;Beira-Rio;Anchieta (I)
240;10/09/1978;Grêmio 2 X 2 Internacional;Grêmio;2;2;0;0;Gaúcho;Olímpico;Valdomiro (I), Éder (G), Falcão (I), Renato Sá (G)
241;15/09/1978;Internacional 1 X 0 Grêmio;Internacional;0;1;-1;1;Gaúcho;Beira-Rio;Tonho (I)
242;05/11/1978;Grêmio 1 X 1 Internacional;Grêmio;1;1;0;0;Gaúcho;Olímpico;Caçapava (I), André (G)
243;08/11/1978;Internacional 2 X 1 Grêmio;Internacional;1;2;-1;1;Gaúcho;Beira-Rio;Jair (I), Éder (G), Valdomiro (I)
244;26/11/1978;Grêmio 0 X 0 Internacional;Grêmio;0;0;0;0;Gaúcho;Olímpico;
245;13/12/1978;Internacional 2 X 2 Grêmio;Internacional;2;2;0;0;Gaúcho;Beira-Rio;Adilson (I), Adilson (I), Iúra (G), Éder (G)
246;17/12/1978;Grêmio 1 X 2 Internacional;Grêmio;1;2;-1;1;Gaúcho;Olímpico;Valdomiro (I), Valdomiro (I), Tarciso (G)
247;13/05/1979;Internacional 0 X 0 Grêmio;Internacional;0;0;0;0;Gaúcho;Beira-Rio;
248;22/07/1979;Grêmio 1 X 1 Internacional;Grêmio;1;1;0;0;Gaúcho;Olímpico;Borracha (I), Éder (G)
249;26/08/1979;Internacional 1 X 2 Grêmio;Internacional;2;1;1;-1;Gaúcho;Beira-Rio;Jurandir (G), Baltazar (G), Chico Spina (I)
250;20/09/1979;Grêmio 1 X 1 Internacional;Grêmio;1;1;0;0;Gaúcho;Olímpico;Leandro (G), Jair (I)
251;06/10/1979;Internacional 1 X 0 Grêmio;Internacional;0;1;-1;1;Brasileiro;Beira-Rio;Jair (I)
252;24/08/1980;Grêmio 2 X 2 Internacional;Grêmio;2;2;0;0;Gaúcho;Olímpico;Baltazar (G), Pompéia (I), Pompéia (I), Tarciso (G)
253;19/10/1980;Internacional 1 X 0 Grêmio;Internacional;0;1;-1;1;Gaúcho;Beira-Rio;Jair (I)
254;05/11/1980;Grêmio 0 X 0 Internacional;Grêmio;0;0;0;0;Gaúcho;Olímpico;
255;23/11/1980;Internacional 0 X 0 Grêmio;Internacional;0;0;0;0;Gaúcho;Beira-Rio;
256;26/07/1981;Grêmio 0 X 0 Internacional;Grêmio;0;0;0;0;Gaúcho;Olímpico;
257;07/10/1981;Internacional 0 X 0 Grêmio;Internacional;0;0;0;0;Gaúcho;Beira-Rio;
258;04/11/1981;Internacional 2 X 1 Grêmio;Internacional;1;2;-1;1;Gaúcho;Beira-Rio;Geraldão (G), Bira (I), Cléo (I)
259;29/11/1981;Grêmio 1 X 1 Internacional;Grêmio;1;1;0;0;Gaúcho;Olímpico;Silvinho (I), Baltazar (G)
260;03/08/1982;Internacional 0 X 2 Grêmio;Internacional;2;0;2;-2;Gaúcho;Beira-Rio;Edmar (G), Tarciso (G)
261;10/10/1982;Grêmio 2 X 2 Internacional;Grêmio;2;2;0;0;Gaúcho;Olímpico;Mauro Pastor (I), Edmar (G), China (G), Cléo (I)
262;07/11/1982;Internacional 3 X 1 Grêmio;Internacional;1;3;-2;2;Gaúcho;Beira-Rio;Geraldão (I), Geraldão (I), Geraldão (I), Leandro (G)
263;28/11/1982;Grêmio 0 X 2 Internacional;Grêmio;0;2;-2;2;Gaúcho;Olímpico;Geraldão (I), Geraldão (I)
264;30/07/1983;Grêmio 0 X 1 Internacional;Grêmio;0;1;-1;1;Gaúcho;Olímpico;Gerson (I)
265;02/10/1983;Internacional 1 X 1 Grêmio;Internacional;1;1;0;0;Gaúcho;Beira-Rio;Mauro Galvão (I), Osvaldo (G)
266;02/11/1983;Grêmio 0 X 0 Internacional;Grêmio;0;0;0;0;Gaúcho;Olímpico;
267;27/11/1983;Internacional 2 X 2 Grêmio;Internacional;2;2;0;0;Gaúcho;Beira-Rio;Gerson (I), Milton Cruz (I), Raul (G), Raul (G)
268;26/01/1984;Grêmio 4 X 2 Internacional;Grêmio;4;2;2;-2;Amistoso;Olímpico;Renato (G), Osvaldo (G), Caio (G), Paulo Cesar (G), Bonamigo (contra, I), Rubem Paz (I)
269;23/09/1984;Grêmio 0 X 2 Internacional;Grêmio;0;2;-2;2;Gaúcho;Olímpico;Jussiê (I), Rubem Paz (I)
270;08/11/1984;Internacional 2 X 1 Grêmio;Internacional;1;2;-1;1;Gaúcho;Beira-Rio;Rubem Paz (I), Rubem Paz (I), Carlos Alberto Garcia (G)
271;25/11/1984;Internacional 2 X 0 Grêmio;Internacional;0;2;-2;2;Gaúcho;Beira-Rio;Mauro Galvão (I), Kita (I)
272;13/12/1984;Grêmio 1 X 1 Internacional;Grêmio;1;1;0;0;Gaúcho;Olímpico;Valdo (G), Kita (I)
273;10/02/1985;Grêmio 2 X 0 Internacional;Grêmio;2;0;2;-2;Brasileiro;Olímpico;Ademir (G), Renato (G)
274;24/03/1985;Internacional 0 X 1 Grêmio;Internacional;1;0;1;-1;Brasileiro;Beira-Rio;Luis Fernando (G)
275;20/10/1985;Internacional 2 X 0 Grêmio;Internacional;0;2;-2;2;Gaúcho;Beira-Rio;Paulo Santos (I), Henrique (contra, I)
276;08/12/1985;Grêmio 2 X 1 Internacional;Grêmio;2;1;1;-1;Gaúcho;Olímpico;Bonamigo (G), Caio Jr (G), Tita (I)
277;23/03/1986;Internacional 0 X 1 Grêmio;Internacional;1;0;1;-1;Gaúcho;Beira-Rio;China (G)
278;11/05/1986;Grêmio 1 X 3 Internacional;Grêmio;1;3;-2;2;Gaúcho;Olímpico;Renato (G), Balalo (I), Airton (I), Marcelo Vita (I)
279;09/07/1986;Internacional 2 X 2 Grêmio;Internacional;2;2;0;0;Gaúcho;Beira-Rio;China (contra, I), Valdo (G), Marcelo Vita (I), Mauro Galvão (contra, G)
280;20/07/1986;Grêmio 1 X 0 Internacional;Grêmio;1;0;1;-1;Gaúcho;Olímpico;Osvaldo (G)
281;18/03/1987;Internacional 2 X 2 Grêmio;Internacional;2;2;0;0;Gaúcho;Beira-Rio;Luis Fernando (I), Sabará (I), Caio Jr. (G), China (G)
282;29/03/1987;Grêmio 2 X 1 Internacional;Grêmio;2;1;1;-1;Gaúcho;Olímpico;Jorge Veras (G), Jorge Veras (G), Amarildo (I)
283;05/04/1987;Internacional 0 X 1 Grêmio;Internacional;1;0;1;-1;Gaúcho;Beira-Rio;Caio Jr (G)
284;10/05/1987;Grêmio 0 X 1 Internacional;Grêmio;0;1;-1;1;Gaúcho;Olímpico;Balalo (I)
285;31/05/1987;Internacional 1 X 1 Grêmio;Internacional;1;1;0;0;Gaúcho;Beira-Rio;Caio Jr (G), Amarildo (I)
286;14/06/1987;Grêmio 3 X 0 Internacional;Grêmio;3;0;3;-3;Gaúcho;Olímpico;Alfinete (G), Lima (G), Cristovão (G)
287;16/06/1987;Grêmio 0 X 0 Internacional;Grêmio;0;0;0;0;Gaúcho;Olímpico;
288;28/06/1987;Internacional 0 X 0 Grêmio;Internacional;0;0;0;0;Gaúcho;Beira-Rio;
289;19/07/1987;Grêmio 3 X 2 Internacional;Grêmio;3;2;1;-1;Gaúcho;Olímpico;Jorge Veras (G), Lima (G), Lima (G), Luis Carlos Winck (I), Paulinho (I)
290;12/10/1987;Internacional 0 X 1 Grêmio;Internacional;1;0;1;-1;Brasileiro;Beira-Rio;Jorge Veras (G)
291;12/03/1988;Grêmio 1 X 0 Internacional;Grêmio;1;0;1;-1;Gaúcho;Olímpico;Luis Carlos Winck (contra, G)
292;28/04/1988;Grêmio 3 X 1 Internacional;Grêmio;3;1;2;-2;Gaúcho;Olímpico;Luis Fernando Flores (I),  Lima (G), Lima (G), Valdo (G)
293;22/05/1988;Internacional 0 X 0 Grêmio;Internacional;0;0;0;0;Gaúcho;Beira-Rio;
294;19/06/1988;Grêmio 3 X 3 Internacional;Grêmio;3;3;0;0;Gaúcho;Olímpico; Lima (G), Lima (G), Amarildo (I), Heider (I), Zé Roberto (G), Luis Fernando Flores (I)
295;04/09/1988;Grêmio 1 X 0 Internacional;Grêmio;1;0;1;-1;Brasileiro;Olímpico;Zé Roberto (G)
296;09/02/1989;Grêmio 0 X 0 Internacional;Grêmio;0;0;0;0;Brasileiro;Olímpico;
297;12/02/1989;Internacional 2 X 1 Grêmio;Internacional;1;2;-1;1;Brasileiro;Beira-Rio;Marcus Vinicius (G), Nilson (I), Nilson (I)
298;19/03/1989;Internacional 1 X 1 Grêmio;Internacional;1;1;0;0;Gaúcho;Beira-Rio;Jorginho (G), Maurício (I)
299;28/05/1989;Internacional 1 X 3 Grêmio;Internacional;3;1;2;-2;Gaúcho;Beira-Rio;Luis Fernando Flores (I), Kita (G), Paulo Egidio (G), Jandir (G)
300;18/06/1989;Grêmio 0 X 0 Internacional;Grêmio;0;0;0;0;Gaúcho;Olímpico;
301;29/11/1989;Internacional 2 X 0 Grêmio;Internacional;0;2;-2;2;Brasileiro;Beira-Rio;Nélson (I), Nélson (I)
302;22/03/1990;Grêmio 0 X 1 Internacional;Grêmio;0;1;-1;1;Gaúcho;Olímpico;Nélson (I)
303;03/06/1990;Internacional 1 X 0 Grêmio;Internacional;0;1;-1;1;Gaúcho;Beira-Rio;Edu (I)
304;15/07/1990;Internacional 0 X 1 Grêmio;Internacional;1;0;1;-1;Gaúcho;Beira-Rio;Nilson (G)
305;29/07/1990;Grêmio 4 X 1 Internacional;Grêmio;4;1;3;-3;Gaúcho;Olímpico;Assis (G), Paulo Egidio (G), Paulo Egidio (G), Cuca (G), Zaballa (I)
306;26/08/1990;Internacional 0 X 1 Grêmio;Internacional;1;0;1;-1;Brasileiro;Beira-Rio;Nilson (G)
307;16/02/1991;Grêmio 0 X 0 Internacional;Grêmio;0;0;0;0;Brasileiro;Olímpico;
308;22/09/1991;Grêmio 2 X 1 Internacional;Grêmio;2;1;1;-1;Gaúcho;Olímpico;Caio (G), Caio (G), Marquinhos (I)
309;01/12/1991;Grêmio 0 X 1 Internacional;Grêmio;0;1;-1;1;Gaúcho;Olímpico;Alex (I)
310;08/12/1991;Internacional 0 X 2 Grêmio;Internacional;2;0;2;-2;Gaúcho;Beira-Rio;Assis (G), Lira (G)
311;15/12/1991;Internacional 0 X 0 Grêmio;Internacional;0;0;0;0;Gaúcho;Beira-Rio;
312;14/06/1992;Grêmio 2 X 0 Internacional;Grêmio;2;0;2;-2;Amistoso;Olímpico;Jandir (G), Lira (G)
313;18/06/1992;Internacional 0 X 0 Grêmio;Internacional;0;0;0;0;Amistoso;Beira-Rio;
314;21/06/1992;Grêmio 0 X 0 Internacional;Grêmio;0;0;0;0;Amistoso;Outros;
315;13/09/1992;Internacional 1 X 1 Grêmio;Internacional;1;1;0;0;Gaúcho;Beira-Rio;Alcindo (G), Maurício (I)
316;06/11/1992;Grêmio 1 X 1 Internacional;Grêmio;1;1;0;0;Outros;Olímpico;Alcindo (G), Gerson (I)
317;17/11/1992;Internacional 1 X 1 Grêmio;Internacional;1;1;0;0;Outros;Beira-Rio;Gerson (I), Carlinhos (G)
318;20/12/1992;Grêmio 1 X 3 Internacional;Grêmio;1;3;-2;2;Gaúcho;Olímpico;Marquinhos (I), Alcindo (G), Nando (I), Nando (I)
319;23/12/1992;Internacional 0 X 0 Grêmio;Internacional;0;0;0;0;Gaúcho;Beira-Rio;
320;27/06/1993;Internacional 0 X 1 Grêmio;Internacional;1;0;1;-1;Gaúcho;Beira-Rio;Gilson (G)
321;18/07/1993;Grêmio 0 X 0 Internacional;Grêmio;0;0;0;0;Gaúcho;Olímpico;
322;12/06/1994;Internacional 1 X 0 Grêmio;Internacional;0;1;-1;1;Gaúcho;Beira-Rio;Argel (I)
323;16/10/1994;Grêmio 1 X 1 Internacional;Grêmio;1;1;0;0;Brasileiro;Olímpico;Nando (I), Agnaldo (G)
324;17/12/1994;Grêmio 1 X 4 Internacional;Grêmio;1;4;-3;3;Gaúcho;Olímpico;Leto (I), Leto (I), Ayupe (G), Leandro (I), Leandro (I)
325;02/04/1995;Internacional 2 X 1 Grêmio;Internacional;1;2;-1;1;Gaúcho;Beira-Rio;Nando (I), Leandro (I), Paulo Nunes (G)
326;28/06/1995;Grêmio 2 X 0 Internacional;Grêmio;2;0;2;-2;Gaúcho;Olímpico;Paulo Nunes (G), Jardel (G)
327;06/08/1995;Internacional 1 X 1 Grêmio;Internacional;1;1;0;0;Gaúcho;Beira-Rio;Mazinho Loiola (I), Nildo (G)
328;13/08/1995;Grêmio 2 X 1 Internacional;Grêmio;2;1;1;-1;Gaúcho;Olímpico;Nildo (G), Zé Alcindo (I), Carlos Miguel (G)
329;31/10/1995;Internacional 0 X 1 Grêmio;Internacional;1;0;1;-1;Brasileiro;Beira-Rio;Jardel (G)
330;17/03/1996;Internacional 1 X 1 Grêmio;Internacional;1;1;0;0;Gaúcho;Beira-Rio;Goiano (G), Fabinho (I)
331;22/09/1996;Internacional 1 X 2 Grêmio;Internacional;2;1;1;-1;Brasileiro;Beira-Rio;Paulo Nunes (G), Murilo (I), Dinho (G)
332;23/03/1997;Grêmio 0 X 0 Internacional;Grêmio;0;0;0;0;Gaúcho;Olímpico;
333;29/06/1997;Grêmio 1 X 1 Internacional;Grêmio;1;1;0;0;Gaúcho;Olímpico;Wagner (G), Christian (I)
334;02/07/1997;Internacional 1 X 0 Grêmio;Internacional;0;1;-1;1;Gaúcho;Beira-Rio;Fabiano (I)
335;24/08/1997;Grêmio 2 X 5 Internacional;Grêmio;2;5;-3;3;Brasileiro;Olímpico;Christian (I), Sandoval (I), Fabiano (I), Fabiano (I), Sérgio Manoel (G), Marcelo (I), Gilmar (G)
336;26/07/1998;Internacional 1 X 0 Grêmio;Internacional;0;1;-1;1;Brasileiro;Beira-Rio;Christian (I)
337;17/03/1999;Grêmio 1 X 1 Internacional;Grêmio;1;1;0;0;Outros;Olímpico;Macedo (G), Christian (I)
338;28/03/1999;Internacional 2 X 0 Grêmio;Internacional;0;2;-2;2;Outros;Beira-Rio;Fabiano (I), Dunga (I)
339;13/06/1999;Internacional 1 X 0 Grêmio;Internacional;0;1;-1;1;Gaúcho;Beira-Rio;Gonçalves (I)
340;16/06/1999;Grêmio 2 X 0 Internacional;Grêmio;2;0;2;-2;Gaúcho;Olímpico;Ronaldinho (G), Agnaldo (G)
341;20/06/1999;Grêmio 1 X 0 Internacional;Grêmio;1;0;1;-1;Gaúcho;Olímpico;Ronaldinho (G)
342;12/09/1999;Grêmio 1 X 0 Internacional;Grêmio;1;0;1;-1;Brasileiro;Olímpico;Zé Alcino (G)
343;20/11/1999;Grêmio 1 X 1 Internacional;Grêmio;1;1;0;0;Outros;Olímpico;Ronaldinho (G), Almir (I)
344;25/11/1999;Internacional 1 X 1 Grêmio;Internacional;1;1;0;0;Outros;Beira-Rio;Almir (I), Guilherme (G)
345;30/04/2000;Internacional 1 X 1 Grêmio;Internacional;1;1;0;0;Gaúcho;Beira-Rio;Enciso (I), Ronaldinho (G)
346;07/06/2000;Grêmio 1 X 0 Internacional;Grêmio;1;0;1;-1;Gaúcho;Olímpico;Ronaldinho (G)
347;07/10/2000;Internacional 1 X 2 Grêmio;Internacional;2;1;1;-1;Brasileiro;Beira-Rio;Elivélton (I), Ronaldinho (G), Warley (G)
348;01/04/2001;Grêmio 4 X 2 Internacional;Grêmio;4;2;2;-2;Gaúcho;Olímpico;Tinga (G), Tinga (G), Rodrigo Mendes (G), Luiz Cláudio (I), Fábio Pinto (I), Zinho (G)
349;13/05/2001;Internacional 0 X 0 Grêmio;Internacional;0;0;0;0;Gaúcho;Beira-Rio;
350;06/10/2001;Grêmio 1 X 0 Internacional;Grêmio;1;0;1;-1;Brasileiro;Olímpico;Luis Mario (G)
351;20/03/2002;Internacional 1 X 1 Grêmio;Internacional;1;1;0;0;Outros;Beira-Rio;Gilberto (G), Fabiano Costa (I)
352;26/10/2002;Internacional 0 X 1 Grêmio;Internacional;1;0;1;-1;Brasileiro;Beira-Rio;Rodrigo Mendes (G)
353;09/02/2003;Grêmio 1 X 2 Internacional;Grêmio;1;2;-1;1;Gaúcho;Olímpico;Luis Mario (G), Vinicius (I), Daniel Carvalho (I)
354;09/03/2003;Internacional 1 X 0 Grêmio;Internacional;0;1;-1;1;Gaúcho;Beira-Rio;André (I)
355;15/06/2003;Grêmio 0 X 0 Internacional;Grêmio;0;0;0;0;Brasileiro;Olímpico;
356;12/10/2003;Internacional 0 X 1 Grêmio;Internacional;1;0;1;-1;Brasileiro;Beira-Rio;Christian (G)
357;15/02/2004;Internacional 1 X 1 Grêmio;Internacional;1;1;0;0;Gaúcho;Beira-Rio;Christian (G), Élder Granja (I)
358;07/03/2004;Grêmio 1 X 2 Internacional;Grêmio;1;2;-1;1;Gaúcho;Olímpico;Élder Granja (I), Nilmar (I), Christian (G)
359;04/04/2004;Grêmio 1 X 2 Internacional;Grêmio;1;2;-1;1;Gaúcho;Outros;Luciano Ratinho (G), Edinho (I), Nilmar (I)
360;10/07/2004;Internacional 2 X 0 Grêmio;Internacional;0;2;-2;2;Brasileiro;Beira-Rio;Vinicius (I), Fernandão (I)
361;15/09/2004;Internacional 2 X 0 Grêmio;Internacional;0;2;-2;2;Outros;Beira-Rio;Fernandão (I), Chiquinho (I)
362;22/09/2004;Grêmio 2 X 1 Internacional;Grêmio;2;1;1;-1;Outros;Olímpico;Chiquinho (I), Pitbull (G), Roberto Santos (G)
363;23/10/2004;Grêmio 1 X 3 Internacional;Grêmio;1;3;-2;2;Brasileiro;Olímpico;Diego (I), Fernandão (I), Rodrigo Paulista (I), Anderson (G)
364;01/04/2006;Grêmio 0 X 0 Internacional;Grêmio;0;0;0;0;Gaúcho;Olímpico;
365;09/04/2006;Internacional 1 X 1 Grêmio;Internacional;1;1;0;0;Gaúcho;Beira-Rio;Fernandão (I), Pedro Jr. (G)
366;30/07/2006;Internacional 0 X 0 Grêmio;Internacional;0;0;0;0;Brasileiro;Beira-Rio;
367;05/11/2006;Grêmio 0 X 1 Internacional;Grêmio;0;1;-1;1;Brasileiro;Olímpico;Iarley (I) 
368;24/06/2007;Internacional 0 X 2 Grêmio;Internacional;2;0;2;-2;Brasileiro;Beira-Rio;Lúcio (G), Diego Souza (G)
369;16/09/2007;Grêmio 1 X 0 Internacional;Grêmio;1;0;1;-1;Brasileiro;Olímpico;Léo (G)
370;29/06/2008;Grêmio 1 X 1 Internacional;Grêmio;1;1;0;0;Brasileiro;Olímpico;Índio (I), Roger (G)
371;13/08/2008;Internacional 1 X 1 Grêmio;Internacional;1;1;0;0;Outros;Beira-Rio;Daniel Carvalho (I), Léo (G)
372;28/08/2008;Grêmio 2 X 2 Internacional;Grêmio;2;2;0;0;Outros;Olímpico;Nilmar (I), Índio (I), Perea (G), Soares (G)
373;28/09/2008;Internacional 4 X 1 Grêmio;Internacional;1;4;-3;3;Brasileiro;Beira-Rio;D'Alessandro (I), Alex (I), Índio (I), Nilmar (I), Tcheco (G)
374;08/02/2009;Grêmio 1 X 2 Internacional;Grêmio;1;2;-1;1;Gaúcho;Outros;D'Alessandro (I), Nilmar (I), Jonas (G)
375;01/03/2009;Internacional 2 X 1 Grêmio;Internacional;1;2;-1;1;Gaúcho;Beira-Rio;Índio (I), Magrão (I), Alex Mineiro (G)
376;05/04/2009;Internacional 2 X 1 Grêmio;Internacional;1;2;-1;1;Gaúcho;Beira-Rio;Tcheco (G), Andrezinho (I), Índio (I)
377;19/07/2009;Grêmio 2 X 1 Internacional;Grêmio;2;1;1;-1;Brasileiro;Olímpico;Nilmar (I), Souza (G), Maxi López (G)
378;25/10/2009;Internacional 1 X 0 Grêmio;Internacional;0;1;-1;1;Brasileiro;Beira-Rio;D'Alessandro (I)
379;31/01/2010;Internacional 1 X 0 Grêmio;Internacional;0;1;-1;1;Gaúcho;Outros;Alecsandro (I)
380;25/04/2010;Internacional 0 X 2 Grêmio;Internacional;2;0;2;-2;Gaúcho;Beira-Rio;Rodrigo (G), Borges (G)
381;02/05/2010;Grêmio 0 X 1 Internacional;Grêmio;0;1;-1;1;Gaúcho;Olímpico;Giuliano (I)
382;01/08/2010;Internacional 0 X 0 Grêmio;Internacional;0;0;0;0;Brasileiro;Beira-Rio;
383;24/10/2010;Grêmio 2 X 2 Internacional;Grêmio;2;2;0;0;Brasileiro;Olímpico;Alecsandro (I), D'Alessandro (I), André Lima (G), Fábio Santos (G)
384;30/01/2011;Grêmio 2 X 1 Internacional;Grêmio;2;1;1;-1;Gaúcho;Outros;Guto (I), Bruno Collaço (G), Lins (G)
385;01/05/2011;Internacional 1(4) X (2)1 Grêmio;Internacional;1;1;0;0;Gaúcho;Beira-Rio;Leandro Damião (I), Junior Viçosa (G)
386;08/05/2011;Internacional 2 X 3 Grêmio;Internacional;3;2;1;-1;Gaúcho;Beira-Rio;Andrezinho (I), Leando Damião (I), Júnior Viçosa (G), Júnior Viçosa (G), Leandro (G)
387;15/05/2011;Grêmio 2(4) X (5)3 Internacional;Grêmio;2;3;-1;1;Gaúcho;Olímpico;Leandro Damião (I), Andrezinho (I), D'Alessandro (I), Douglas (G), Borges (G)
388;28/08/2011;Grêmio 2 X 1 Internacional;Grêmio;2;1;1;-1;Brasileiro;Olímpico;Índio (I), Marquinhos (G), Douglas (G)
389;04/12/2011;Internacional 1 X 0 Grêmio;Internacional;0;1;-1;1;Brasileiro;Beira-Rio;D'Alessandro (I)
390;05/02/2012;Grêmio 2 X 2 Internacional;Grêmio;2;2;0;0;Gaúcho;Olímpico;Dátolo (I), Bolívar (I), Marcelo Moreno (G), Marquinhos (G)
391;22/02/2012;Internacional 1 X 2 Grêmio;Internacional;2;1;1;-1;Gaúcho;Beira-Rio;Léo Gago (G), Kléber (G), Leandro Damião (I)
392;29/04/2012;Internacional 2 X 1 Grêmio;Internacional;1;2;-1;1;Gaúcho;Beira-Rio;Dátolo (I), Fabrício (I), Werley (G)
393;26/08/2012;Internacional 0 X 1 Grêmio;Internacional;1;0;1;-1;Brasileiro;Beira-Rio;Elano (G)
394;02/12/2012;Grêmio 0 X 0 Internacional;Grêmio;0;0;0;0;Brasileiro;Olímpico;
395;03/02/2013;Internacional 2 X 1 Grêmio;Internacional;1;2;-1;1;Gaúcho;Outros;Forlán (I), Leandro Damião (I), Fernando (G).
396;24/02/2013;Internacional 2 X 1 Grêmio;Internacional;1;2;-1;1;Gaúcho;Outros;Forlán (I), Rodrigo Moledo (I), Willian José (G).
397;04/08/2013;Grêmio 1 X 1 Internacional;Grêmio;1;1;0;0;Brasileiro;Arena;Leandro Damião (I), Barcos (G)
398;20/10/2013;Internacional 2 X 2 Grêmio;Internacional;2;2;0;0;Brasileiro;Outros;Willians (I), D'Alessandro (I), Jackson (contra, G), Vargas (G)
399;09/02/2014;Grêmio 1 X 1 Internacional;Grêmio;1;1;0;0;Gaúcho;Arena;Fabrício (I), Barcos (G)
400;30/03/2014;Grêmio 1 X 2 Internacional;Grêmio;1;2;-1;1;Gaúcho;Arena;Barcos (G), Rafael Moura (I), Rafael Moura (I)
401;13/04/2014;Internacional 4 X 1 Grêmio;Internacional;1;4;-3;3;Gaúcho;Outros;Alex (I), Alex (I), D'Alessandro (I), Alan Patrick (I), Ernando (contra, G)
402;10/08/2014;Internacional 2 X 0 Grêmio;Internacional;0;2;-2;2;Brasileiro;Beira-Rio;Aránguiz (I), Cláudio Winck (I)
403;09/11/2014;Grêmio 4 X 1 Internacional;Grêmio;4;1;3;-3;Brasileiro;Arena;Luan (G), Ramiro (G), Alan Ruiz (G), Alan Ruiz (G), Rafael Moura (I)
404;01/03/2015;Internacional 0 X 0 Grêmio;Internacional;0;0;0;0;Gaúcho;Beira-Rio;
405;26/04/2015;Grêmio 0 X 0 Internacional;Grêmio;0;0;0;0;Gaúcho;Arena;
406;03/05/2015;Internacional 2 X 1 Grêmio;Internacional;1;2;-1;1;Gaúcho;Beira-Rio;Nilmar (I), Valdívia (I), Giuliano (G)
407;09/08/2015;Grêmio 5 X 0 Internacional;Grêmio;5;0;5;-5;Brasileiro;Arena;Giuliano (G), Luan (G), Luan (G), Fernandinho (G), Réver (contra, G)
408;22/11/2015;Internacional 1 X 0 Grêmio;Internacional;0;1;-1;1;Brasileiro;Beira-Rio;Vitinho (I)
409;06/03/2016;Grêmio 0 X 0 Internacional;Grêmio;0;0;0;0;Gaúcho;Arena;
410;03/07/2016;Internacional 0 X 1 Grêmio;Internacional;1;0;1;-1;Brasileiro;Beira-Rio;Douglas (G)
411;23/10/2016;Grêmio 0 X 0 Internacional;Grêmio;0;0;0;0;Brasileiro;Arena;
412;04/03/2017;Grêmio 2 X 2 Internacional;Grêmio;2;2;0;0;Gaúcho;Arena;Roberson (I), Brenner (I), Bolaños (G), Fernandinho (G)
413;11/03/2018;Internacional 1 X 2 Grêmio;Internacional;2;1;1;-1;Gaúcho;Beira-Rio;Luan (G), Luan (G), Rodrigo Dourado (I)
414;18/03/2018;Grêmio 3 X 0 Internacional;Grêmio;3;0;3;-3;Gaúcho;Arena;Everton (G), Jael (G), Arthur (G)
415;21/03/2018;Internacional 2 X 0 Grêmio;Internacional;0;2;-2;2;Gaúcho;Beira-Rio;Nico López (I), D'Alessandro (I)
416;12/05/2018;Grêmio 0 X 0 Internacional;Grêmio;0;0;0;0;Brasileiro;Arena;
417;09/09/2018;Internacional 1 X 0 Grêmio;Internacional;0;1;-1;1;Brasileiro;Beira-Rio;Edenilson (I)
418;17/03/2019;Grêmio 1 X 0 Internacional;Grêmio;1;0;1;-1;Gaúcho;Arena;Leonardo Gomes (G)
419;14/04/2019;Internacional 0 X 0 Grêmio;Internacional;0;0;0;0;Gaúcho;Beira-Rio;
420;17/04/2019;Grêmio 0(3) X (2)0 Internacional;Grêmio;0;0;0;0;Gaúcho;Arena;
421;20/07/2019;Internacional 1 X 1 Grêmio;Internacional;1;1;0;0;Brasileiro;Beira-Rio;Paulo Miranda (contra, I), Luan (G)
422;03/11/2019;Grêmio 2 X 0 Internacional;Grêmio;2;0;2;-2;Brasileiro;Arena;Geromel (G), Rômulo (G)
423;16/02/2020;Internacional 0 X 1 Grêmio;Internacional;1;0;1;-1;Gaúcho;Beira-Rio;Diego Souza (G)
424;12/03/2020;Grêmio 0 X 0 Internacional;Grêmio;0;0;0;0;Outros;Arena;
425;22/07/2020;Internacional 0 X 1 Grêmio;Internacional;1;0;1;-1;Gaúcho;Outros;Jean Pyerre (G)
426;05/08/2020;Grêmio 2 X 0 Internacional;Grêmio;2;0;2;-2;Gaúcho;Arena;"Maicon (G); Isaque (G)"
427;23/09/2020;Internacional 0 X 1 Grêmio;Internacional;1;0;1;-1;Outros;Beira-Rio;Pepê (G)
428;03/10/2020;Grêmio 1 X 1 Internacional;Grêmio;1;1;0;0;Brasileiro;Arena;"Pepê (G); Thiago Galhardo (I)"
429;24/01/2021;Internacional 2 X 1 Grêmio;Internacional;1;2;-1;1;Brasileiro;Beira-Rio;"Jean Pyerre (G); Abel Hernández (I); Edenilson (I)"
430;03/04/2021;Grêmio 1 X 0 Internacional;Grêmio;1;0;1;-1;Gaúcho;Arena;Léo Chú (G)
431;16/05/2021;Internacional 1 X 2 Grêmio;Internacional;2;1;1;-1;Gaúcho;Beira-Rio;Thiago Galhardo (I), Diego Souza (G), Ricardinho (G)
432;23/05/2021;Grêmio 1 X 1 Internacional;Grêmio;1;1;0;0;Gaúcho;Arena;Ferreira (G), Rodrigo Dourado (I)
433;10/07/2021;Grêmio 0 X 0 Internacional;Grêmio;0;0;0;0;Brasileiro;Arena;
434;06/11/2021;Internacional 1 X 0 Grêmio;Internacional;0;1;-1;1;Brasileiro;Beira-Rio;Taison (I)
435;09/03/2022;Internacional 1 X 0 Grêmio;Internacional;0;1;-1;1;Gaúcho;Beira-Rio;David (I)
436;19/03/2022;Internacional 3 X 0 Grêmio;Internacional;3;0;3;-3;Gaúcho;Beira-Rio;Elias (G), Bitello (G), Diego Souza (G)
437;23/03/2022;Internacional 1 X 0 Grêmio;Internacional;0;1;-1;1;Gaúcho;Arena;Taison (I)
