N;data;campeonato;estadio;jogador;time;contra
437;23/03/2022;Gaúcho;Arena;Taison;Internacional;
436;19/03/2022;Gaúcho;Beira-Rio;Diego Souza;Grêmio;
436;19/03/2022;Gaúcho;Beira-Rio;Bitello;Grêmio;
436;19/03/2022;Gaúcho;Beira-Rio;Elias;Grêmio;
435;09/03/2022;Gaúcho;Beira-Rio;David;Internacional;
434;06/11/2021;Brasileiro;Beira-Rio;Taison;Internacional;
432;23/05/2021;Gaúcho;Arena;Rodrigo Dourado;Internacional;
432;23/05/2021;Gaúcho;Arena;Ferreira;Grêmio;
431;16/05/2021;Gaúcho;Beira-Rio;Thiago Galhardo;Internacional;
431;16/05/2021;Gaúcho;Beira-Rio;Diego Souza;Grêmio;
431;16/05/2021;Gaúcho;Beira-Rio;Ricardinho;Grêmio;
430;03/04/2021;Gaúcho;Arena;Léo Chú;Grêmio;
429;24/01/2021;Brasileiro;Beira-Rio;Abel Hernández;Internacional;
429;24/01/2021;Brasileiro;Beira-Rio;Edenilson;Internacional;
429;24/01/2021;Brasileiro;Beira-Rio;Jean Pyerre;Grêmio;
428;03/10/2020;Brasileiro;Arena;Pepê;Grêmio;
428;03/10/2020;Brasileiro;Arena;Thiago Galhardo;Internacional;
427;23/09/2020;Outros;Beira-Rio;Pepê;Grêmio;
426;05/08/2020;Gaúcho;Arena;Maicon;Grêmio;
426;05/08/2020;Gaúcho;Arena;Isaque;Grêmio;
425;22/07/2020;Gaúcho;Outros;Jean Pyerre;Grêmio;
423;16/02/2020;Gaúcho;Beira-Rio;Diego Souza;Grêmio;
422;03/11/2019;Brasileiro;Arena;Rômulo;Grêmio;
422;03/11/2019;Brasileiro;Arena;Geromel;Grêmio;
421;20/07/2019;Brasileiro;Beira-Rio;Luan;Grêmio;
421;20/07/2019;Brasileiro;Beira-Rio;Paulo Miranda;Internacional;1
418;17/03/2019;Gaúcho;Arena;Leonardo Gomes;Grêmio;
417;09/09/2018;Brasileiro;Beira-Rio;Edenilson;Internacional;
415;21/03/2018;Gaúcho;Beira-Rio;D'Alessandro;Internacional;
415;21/03/2018;Gaúcho;Beira-Rio;Nico López;Internacional;
414;18/03/2018;Gaúcho;Arena;Arthur;Grêmio;
414;18/03/2018;Gaúcho;Arena;Everton;Grêmio;
414;18/03/2018;Gaúcho;Arena;Jael;Grêmio;
413;11/03/2018;Gaúcho;Beira-Rio;Luan;Grêmio;
413;11/03/2018;Gaúcho;Beira-Rio;Luan;Grêmio;
413;11/03/2018;Gaúcho;Beira-Rio;Rodrigo Dourado;Internacional;
412;04/03/2017;Gaúcho;Arena;Bolaños;Grêmio;
412;04/03/2017;Gaúcho;Arena;Brenner;Internacional;
412;04/03/2017;Gaúcho;Arena;Fernandinho;Grêmio;
412;04/03/2017;Gaúcho;Arena;Roberson;Internacional;
410;03/07/2016;Brasileiro;Beira-Rio;Douglas;Grêmio;
408;22/11/2015;Brasileiro;Beira-Rio;Vitinho;Internacional;
407;09/08/2015;Brasileiro;Arena;Fernandinho;Grêmio;
407;09/08/2015;Brasileiro;Arena;Giuliano;Grêmio;
407;09/08/2015;Brasileiro;Arena;Luan;Grêmio;
407;09/08/2015;Brasileiro;Arena;Luan;Grêmio;
407;09/08/2015;Brasileiro;Arena;Réver ;Grêmio;1
406;03/05/2015;Gaúcho;Beira-Rio;Giuliano;Grêmio;
406;03/05/2015;Gaúcho;Beira-Rio;Nilmar;Internacional;
406;03/05/2015;Gaúcho;Beira-Rio;Valdívia;Internacional;
403;09/11/2014;Brasileiro;Arena;Alan Ruiz;Grêmio;
403;09/11/2014;Brasileiro;Arena;Alan Ruiz;Grêmio;
403;09/11/2014;Brasileiro;Arena;Luan;Grêmio;
403;09/11/2014;Brasileiro;Arena;Rafael Moura;Internacional;
403;09/11/2014;Brasileiro;Arena;Ramiro;Grêmio;
402;10/08/2014;Brasileiro;Beira-Rio;Aránguiz;Internacional;
402;10/08/2014;Brasileiro;Beira-Rio;Cláudio Winck;Internacional;
401;13/04/2014;Gaúcho;Outros;Alan Patrick  ;Internacional;
401;13/04/2014;Gaúcho;Outros;Alex  ;Internacional;
401;13/04/2014;Gaúcho;Outros;Alex  ;Internacional;
401;13/04/2014;Gaúcho;Outros;D'Alessandro  ;Internacional;
401;13/04/2014;Gaúcho;Outros;Ernando ;Grêmio;1
400;30/03/2014;Gaúcho;Arena;Barcos;Grêmio;
400;30/03/2014;Gaúcho;Arena;Rafael Moura;Internacional;
400;30/03/2014;Gaúcho;Arena;Rafael Moura;Internacional;
399;09/02/2014;Gaúcho;Arena;Barcos;Grêmio;
399;09/02/2014;Gaúcho;Arena;Fabrício;Internacional;
398;20/10/2013;Brasileiro;Outros;D'Alessandro;Internacional;
398;20/10/2013;Brasileiro;Outros;Jackson ;Grêmio;1
398;20/10/2013;Brasileiro;Outros;Vargas;Grêmio;
398;20/10/2013;Brasileiro;Outros;Williams;Internacional;
397;04/08/2013;Brasileiro;Arena;Barcos;Grêmio;
397;04/08/2013;Brasileiro;Arena;Leandro Damião;Internacional;
396;24/02/2013;Gaúcho;Outros;Forlán;Internacional;
396;24/02/2013;Gaúcho;Outros;Rodrigo Moledo;Internacional;
396;24/02/2013;Gaúcho;Outros;Willian José;Grêmio;
395;03/02/2013;Gaúcho;Outros;Fernando;Grêmio;
395;03/02/2013;Gaúcho;Outros;Forlán;Internacional;
395;03/02/2013;Gaúcho;Outros;Leandro Damião;Internacional;
393;26/08/2012;Brasileiro;Beira-Rio;Elano;Grêmio;
392;29/04/2012;Gaúcho;Beira-Rio;Dátolo;Internacional;
392;29/04/2012;Gaúcho;Beira-Rio;Fabrício;Internacional;
392;29/04/2012;Gaúcho;Beira-Rio;Werley;Grêmio;
391;22/02/2012;Gaúcho;Beira-Rio;Kléber;Grêmio;
391;22/02/2012;Gaúcho;Beira-Rio;Leandro Damião;Internacional;
391;22/02/2012;Gaúcho;Beira-Rio;Léo Gago;Grêmio;
390;05/02/2012;Gaúcho;Olímpico;Bolívar;Internacional;
390;05/02/2012;Gaúcho;Olímpico;Dátolo;Internacional;
390;05/02/2012;Gaúcho;Olímpico;Marcelo Moreno;Grêmio;
390;05/02/2012;Gaúcho;Olímpico;Marquinhos Santos;Grêmio;
389;04/12/2011;Brasileiro;Beira-Rio;D'Alessandro;Internacional;
388;28/08/2011;Brasileiro;Olímpico;Douglas;Grêmio;
388;28/08/2011;Brasileiro;Olímpico;Índio;Internacional;
388;28/08/2011;Brasileiro;Olímpico;Marquinhos Santos;Grêmio;
387;15/05/2011;Gaúcho;Olímpico;Andrezinho;Internacional;
387;15/05/2011;Gaúcho;Olímpico;Borges;Grêmio;
387;15/05/2011;Gaúcho;Olímpico;D'Alessandro;Internacional;
387;15/05/2011;Gaúcho;Olímpico;Douglas;Grêmio;
387;15/05/2011;Gaúcho;Olímpico;Leandro Damião;Internacional;
386;08/05/2011;Gaúcho;Beira-Rio;Andrezinho;Internacional;
386;08/05/2011;Gaúcho;Beira-Rio;Júnior Viçosa;Grêmio;
386;08/05/2011;Gaúcho;Beira-Rio;Júnior Viçosa;Grêmio;
386;08/05/2011;Gaúcho;Beira-Rio;Leandro Damião;Internacional;
386;08/05/2011;Gaúcho;Beira-Rio;Leandro Moura;Grêmio;
385;01/05/2011;Gaúcho;Beira-Rio;Júnior Viçosa;Grêmio;
385;01/05/2011;Gaúcho;Beira-Rio;Leandro Damião;Internacional;
384;30/01/2011;Gaúcho;Outros;Bruno Collaço;Grêmio;
384;30/01/2011;Gaúcho;Outros;Guto;Internacional;
384;30/01/2011;Gaúcho;Outros;Lins;Grêmio;
383;24/10/2010;Brasileiro;Olímpico;Alecsandro;Internacional;
383;24/10/2010;Brasileiro;Olímpico;André Lima;Grêmio;
383;24/10/2010;Brasileiro;Olímpico;D'Alessandro;Internacional;
383;24/10/2010;Brasileiro;Olímpico;Fábio Santos;Grêmio;
381;02/05/2010;Gaúcho;Olímpico;Giuliano;Internacional;
380;25/04/2010;Gaúcho;Beira-Rio;Borges;Grêmio;
380;25/04/2010;Gaúcho;Beira-Rio;Rodrigo;Grêmio;
379;31/01/2010;Gaúcho;Outros;Alecsandro;Internacional;
378;25/10/2009;Brasileiro;Beira-Rio;D'Alessandro;Internacional;
377;19/07/2009;Brasileiro;Olímpico;Máxi Lopez;Grêmio;
377;19/07/2009;Brasileiro;Olímpico;Nilmar;Internacional;
377;19/07/2009;Brasileiro;Olímpico;Souza;Grêmio;
376;05/04/2009;Gaúcho;Beira-Rio;Andrezinho;Internacional;
376;05/04/2009;Gaúcho;Beira-Rio;Índio;Internacional;
376;05/04/2009;Gaúcho;Beira-Rio;Tcheco;Grêmio;
375;01/03/2009;Gaúcho;Beira-Rio;Alex Mineiro;Grêmio;
375;01/03/2009;Gaúcho;Beira-Rio;Índio;Internacional;
375;01/03/2009;Gaúcho;Beira-Rio;Magrão;Internacional;
374;08/02/2009;Gaúcho;Outros;D'Alessandro;Internacional;
374;08/02/2009;Gaúcho;Outros;Jonas;Grêmio;
374;08/02/2009;Gaúcho;Outros;Nilmar;Internacional;
373;28/09/2008;Brasileiro;Beira-Rio;Alex;Internacional;
373;28/09/2008;Brasileiro;Beira-Rio;D'Alessandro;Internacional;
373;28/09/2008;Brasileiro;Beira-Rio;Índio;Internacional;
373;28/09/2008;Brasileiro;Beira-Rio;Nilmar;Internacional;
373;28/09/2008;Brasileiro;Beira-Rio;Tcheco;Grêmio;
372;28/08/2008;Outros;Olímpico;Hiziel Soares;Grêmio;
372;28/08/2008;Outros;Olímpico;Índio;Internacional;
372;28/08/2008;Outros;Olímpico;Nilmar;Internacional;
372;28/08/2008;Outros;Olímpico;Perea;Grêmio;
371;13/08/2008;Outros;Beira-Rio;Daniel Carvalho;Internacional;
371;13/08/2008;Outros;Beira-Rio;Léo Lacerda;Grêmio;
370;29/06/2008;Brasileiro;Olímpico;Índio;Internacional;
370;29/06/2008;Brasileiro;Olímpico;Roger;Grêmio;
369;16/09/2007;Brasileiro;Olímpico;Léo Lacerda;Grêmio;
368;24/06/2007;Brasileiro;Beira-Rio;Diego Souza;Grêmio;
368;24/06/2007;Brasileiro;Beira-Rio;Lúcio Souza;Grêmio;
367;05/11/2006;Brasileiro;Olímpico;Iarley;Internacional;
365;09/04/2006;Gaúcho;Beira-Rio;Fernandão;Internacional;
365;09/04/2006;Gaúcho;Beira-Rio;Pedro Jr;Grêmio;
363;23/10/2004;Brasileiro;Olímpico;Anderson;Grêmio;
363;23/10/2004;Brasileiro;Olímpico;Diego;Internacional;
363;23/10/2004;Brasileiro;Olímpico;Fernandão;Internacional;
363;23/10/2004;Brasileiro;Olímpico;Rodrigo Paulista;Internacional;
362;22/09/2004;Outros;Olímpico;Chiquinho;Internacional;
362;22/09/2004;Outros;Olímpico;Pitbull;Grêmio;
362;22/09/2004;Outros;Olímpico;Roberto Santos;Grêmio;
361;15/09/2004;Outros;Beira-Rio;Chiquinho;Internacional;
361;15/09/2004;Outros;Beira-Rio;Fernandão;Internacional;
360;10/07/2004;Brasileiro;Beira-Rio;Fernandão;Internacional;
360;10/07/2004;Brasileiro;Beira-Rio;Vinícius Silva;Internacional;
359;04/04/2004;Gaúcho;Outros;Edinho;Internacional;
359;04/04/2004;Gaúcho;Outros;Luciano Ratinho;Grêmio;
359;04/04/2004;Gaúcho;Outros;Nilmar;Internacional;
358;07/03/2004;Gaúcho;Olímpico;Christian;Grêmio;
358;07/03/2004;Gaúcho;Olímpico;Élder Granja;Internacional;
358;07/03/2004;Gaúcho;Olímpico;Nilmar;Internacional;
357;15/02/2004;Gaúcho;Beira-Rio;Christian;Grêmio;
357;15/02/2004;Gaúcho;Beira-Rio;Élder Granja;Internacional;
356;12/10/2003;Brasileiro;Beira-Rio;Christian;Grêmio;
354;09/03/2003;Gaúcho;Beira-Rio;André Cruz;Internacional;
353;09/02/2003;Gaúcho;Olímpico;Daniel Carvalho;Internacional;
353;09/02/2003;Gaúcho;Olímpico;Luís Mário;Grêmio;
353;09/02/2003;Gaúcho;Olímpico;Vinícius Silva;Internacional;
352;26/10/2002;Brasileiro;Beira-Rio;Rodrigo Mendes;Grêmio;
351;20/03/2002;Outros;Beira-Rio;Fabiano Costa;Internacional;
351;20/03/2002;Outros;Beira-Rio;Gilberto;Grêmio;
350;06/10/2001;Brasileiro;Olímpico;Luís Mário;Grêmio;
348;01/04/2001;Gaúcho;Olímpico;Fábio Pinto ;Internacional;
348;01/04/2001;Gaúcho;Olímpico;Luiz Cláudio;Internacional;
348;01/04/2001;Gaúcho;Olímpico;Rodrigo Mendes;Grêmio;
348;01/04/2001;Gaúcho;Olímpico;Tinga;Grêmio;
348;01/04/2001;Gaúcho;Olímpico;Tinga;Grêmio;
348;01/04/2001;Gaúcho;Olímpico;Zinho;Grêmio;
347;07/10/2000;Brasileiro;Beira-Rio;Elivélton;Internacional;
347;07/10/2000;Brasileiro;Beira-Rio;Ronaldinho;Grêmio;
347;07/10/2000;Brasileiro;Beira-Rio;Warley;Grêmio;
346;07/06/2000;Gaúcho;Olímpico;Ronaldinho;Grêmio;
345;30/04/2000;Gaúcho;Beira-Rio;Enciso;Internacional;
345;30/04/2000;Gaúcho;Beira-Rio;Ronaldinho;Grêmio;
344;25/11/1999;Outros;Beira-Rio;Almir;Internacional;
344;25/11/1999;Outros;Beira-Rio;Guilherme;Grêmio;
343;20/11/1999;Outros;Olímpico;Almir;Internacional;
343;20/11/1999;Outros;Olímpico;Ronaldinho;Grêmio;
342;12/09/1999;Brasileiro;Olímpico;Zé Alcino;Grêmio;
341;20/06/1999;Gaúcho;Olímpico;Ronaldinho;Grêmio;
340;16/06/1999;Gaúcho;Olímpico;Agnaldo;Grêmio;
340;16/06/1999;Gaúcho;Olímpico;Ronaldinho;Grêmio;
339;13/06/1999;Gaúcho;Beira-Rio;Gonçalves;Internacional;
338;28/03/1999;Outros;Beira-Rio;Dunga;Internacional;
338;28/03/1999;Outros;Beira-Rio;Fabiano;Internacional;
337;17/03/1999;Outros;Olímpico;Christian;Internacional;
337;17/03/1999;Outros;Olímpico;Macedo;Grêmio;
336;26/07/1998;Brasileiro;Beira-Rio;Christian;Internacional;
335;24/08/1997;Brasileiro;Olímpico;Christian;Internacional;
335;24/08/1997;Brasileiro;Olímpico;Fabiano;Internacional;
335;24/08/1997;Brasileiro;Olímpico;Fabiano;Internacional;
335;24/08/1997;Brasileiro;Olímpico;Gilmar;Grêmio;
335;24/08/1997;Brasileiro;Olímpico;Marcelo;Internacional;
335;24/08/1997;Brasileiro;Olímpico;Sandoval;Internacional;
335;24/08/1997;Brasileiro;Olímpico;Sérgio Manoel;Grêmio;
334;02/07/1997;Gaúcho;Beira-Rio;Fabiano;Internacional;
333;29/06/1997;Gaúcho;Olímpico;Christian;Internacional;
333;29/06/1997;Gaúcho;Olímpico;Wagner;Grêmio;
331;22/09/1996;Brasileiro;Beira-Rio;Dinho;Grêmio;
331;22/09/1996;Brasileiro;Beira-Rio;Murilo;Internacional;
331;22/09/1996;Brasileiro;Beira-Rio;Paulo Nunes;Grêmio;
330;17/03/1996;Gaúcho;Beira-Rio;Fabinho;Internacional;
330;17/03/1996;Gaúcho;Beira-Rio;Goiano;Grêmio;
329;31/10/1995;Brasileiro;Beira-Rio;Jardel;Grêmio;
328;13/08/1995;Gaúcho;Olímpico;Carlos Miguel;Grêmio;
328;13/08/1995;Gaúcho;Olímpico;Nildo;Grêmio;
328;13/08/1995;Gaúcho;Olímpico;Zé Alcino;Internacional;
327;06/08/1995;Gaúcho;Beira-Rio;Mazinho Loiola;Internacional;
327;06/08/1995;Gaúcho;Beira-Rio;Nildo;Grêmio;
326;28/06/1995;Gaúcho;Olímpico;Jardel;Grêmio;
326;28/06/1995;Gaúcho;Olímpico;Paulo Nunes;Grêmio;
325;02/04/1995;Gaúcho;Beira-Rio;Leandro;Internacional;
325;02/04/1995;Gaúcho;Beira-Rio;Nando;Internacional;
325;02/04/1995;Gaúcho;Beira-Rio;Paulo Nunes;Grêmio;
324;17/12/1994;Gaúcho;Olímpico;Ayupe;Grêmio;
324;17/12/1994;Gaúcho;Olímpico;Leandro;Internacional;
324;17/12/1994;Gaúcho;Olímpico;Leandro;Internacional;
324;17/12/1994;Gaúcho;Olímpico;Leto;Internacional;
324;17/12/1994;Gaúcho;Olímpico;Leto;Internacional;
323;16/10/1994;Brasileiro;Olímpico;Agnaldo;Grêmio;
323;16/10/1994;Brasileiro;Olímpico;Nando;Internacional;
322;12/06/1994;Gaúcho;Beira-Rio;Argel;Internacional;
320;27/06/1993;Gaúcho;Beira-Rio;Gilson;Grêmio;
318;20/12/1992;Gaúcho;Olímpico;Alcindo Sartori;Grêmio;
318;20/12/1992;Gaúcho;Olímpico;Marquinhos;Internacional;
318;20/12/1992;Gaúcho;Olímpico;Nando;Internacional;
318;20/12/1992;Gaúcho;Olímpico;Nando;Internacional;
317;17/11/1992;Outros;Beira-Rio;Carlinhos Ângelo;Grêmio;
317;17/11/1992;Outros;Beira-Rio;Gerson da Silva;Internacional;
316;06/11/1992;Outros;Olímpico;Alcindo Sartori;Grêmio;
316;06/11/1992;Outros;Olímpico;Gerson da Silva;Internacional;
315;13/09/1992;Gaúcho;Beira-Rio;Alcindo Sartori;Grêmio;
315;13/09/1992;Gaúcho;Beira-Rio;Maurício;Internacional;
312;14/06/1992;Amistoso;Olímpico;Jandir;Grêmio;
312;14/06/1992;Amistoso;Olímpico;Lira;Grêmio;
310;08/12/1991;Gaúcho;Beira-Rio;Lira;Grêmio;
310;08/12/1991;Gaúcho;Beira-Rio;Roberto de Assis Moreira;Grêmio;
309;01/12/1991;Gaúcho;Olímpico;Alex Rossi;Internacional;
308;22/09/1991;Gaúcho;Olímpico;Marquinhos;Internacional;
308;22/09/1991;Gaúcho;Olímpico;Wolnei Caio;Grêmio;
308;22/09/1991;Gaúcho;Olímpico;Wolnei Caio;Grêmio;
306;26/08/1990;Brasileiro;Beira-Rio;Nilson;Grêmio;
305;29/07/1990;Gaúcho;Olímpico;Cuca;Grêmio;
305;29/07/1990;Gaúcho;Olímpico;Paulo Egídio;Grêmio;
305;29/07/1990;Gaúcho;Olímpico;Paulo Egídio;Grêmio;
305;29/07/1990;Gaúcho;Olímpico;Roberto de Assis Moreira;Grêmio;
305;29/07/1990;Gaúcho;Olímpico;Zaballa;Internacional;
304;15/07/1990;Gaúcho;Beira-Rio;Nilson;Grêmio;
303;03/06/1990;Gaúcho;Beira-Rio;Edu;Internacional;
302;22/03/1990;Gaúcho;Olímpico;Nelson;Internacional;
301;29/11/1989;Brasileiro;Beira-Rio;Nelson;Internacional;
301;29/11/1989;Brasileiro;Beira-Rio;Nelson;Internacional;
299;28/05/1989;Gaúcho;Beira-Rio;Jandir;Grêmio;
299;28/05/1989;Gaúcho;Beira-Rio;Kita;Grêmio;
299;28/05/1989;Gaúcho;Beira-Rio;Luis Fernando Flores;Internacional;
299;28/05/1989;Gaúcho;Beira-Rio;Paulo Egídio;Grêmio;
298;19/03/1989;Gaúcho;Beira-Rio;Jorginho;Grêmio;
298;19/03/1989;Gaúcho;Beira-Rio;Maurício;Internacional;
297;12/02/1989;Brasileiro;Beira-Rio;Marcus Vinicius;Grêmio;
297;12/02/1989;Brasileiro;Beira-Rio;Nilson;Internacional;
297;12/02/1989;Brasileiro;Beira-Rio;Nilson;Internacional;
295;04/09/1988;Brasileiro;Olímpico;Zé Roberto;Grêmio;
294;19/06/1988;Gaúcho;Olímpico;Amarildo;Internacional;
294;19/06/1988;Gaúcho;Olímpico;Heider;Internacional;
294;19/06/1988;Gaúcho;Olímpico;Lima;Grêmio;
294;19/06/1988;Gaúcho;Olímpico;Lima;Grêmio;
294;19/06/1988;Gaúcho;Olímpico;Luis Fernando Flores;Internacional;
294;19/06/1988;Gaúcho;Olímpico;Zé Roberto;Grêmio;
292;28/04/1988;Gaúcho;Olímpico;Lima;Grêmio;
292;28/04/1988;Gaúcho;Olímpico;Lima;Grêmio;
292;28/04/1988;Gaúcho;Olímpico;Luis Fernando Flores;Internacional;
292;28/04/1988;Gaúcho;Olímpico;Valdo;Grêmio;
291;12/03/1988;Gaúcho;Olímpico;Luis Carlos Winck ;Grêmio;1
290;12/10/1987;Brasileiro;Beira-Rio;Jorge Veras;Grêmio;
289;19/07/1987;Gaúcho;Olímpico;Jorge Veras;Grêmio;
289;19/07/1987;Gaúcho;Olímpico;Lima;Grêmio;
289;19/07/1987;Gaúcho;Olímpico;Lima;Grêmio;
289;19/07/1987;Gaúcho;Olímpico;Luis Carlos Winck;Internacional;
289;19/07/1987;Gaúcho;Olímpico;Paulinho;Internacional;
286;14/06/1987;Gaúcho;Olímpico;Alfinete;Grêmio;
286;14/06/1987;Gaúcho;Olímpico;Cristóvão;Grêmio;
286;14/06/1987;Gaúcho;Olímpico;Lima;Grêmio;
285;31/05/1987;Gaúcho;Beira-Rio;Amarildo;Internacional;
285;31/05/1987;Gaúcho;Beira-Rio;Caio Jr;Grêmio;
284;10/05/1987;Gaúcho;Olímpico;Balalo;Internacional;
283;05/04/1987;Gaúcho;Beira-Rio;Caio Jr;Grêmio;
282;29/03/1987;Gaúcho;Olímpico;Amarildo;Internacional;
282;29/03/1987;Gaúcho;Olímpico;Jorge Veras;Grêmio;
282;29/03/1987;Gaúcho;Olímpico;Jorge Veras;Grêmio;
281;18/03/1987;Gaúcho;Beira-Rio;Caio Jr;Grêmio;
281;18/03/1987;Gaúcho;Beira-Rio;China;Grêmio;
281;18/03/1987;Gaúcho;Beira-Rio;Luis Fernando;Internacional;
281;18/03/1987;Gaúcho;Beira-Rio;Sabará;Internacional;
280;20/07/1986;Gaúcho;Olímpico;Osvaldo;Grêmio;
279;09/07/1986;Gaúcho;Beira-Rio;China ;Internacional;1
279;09/07/1986;Gaúcho;Beira-Rio;Marcelo Vita;Internacional;
279;09/07/1986;Gaúcho;Beira-Rio;Mauro Galvão ;Grêmio;1
279;09/07/1986;Gaúcho;Beira-Rio;Valdo;Grêmio;
278;11/05/1986;Gaúcho;Olímpico;Airton Caixão;Internacional;
278;11/05/1986;Gaúcho;Olímpico;Balalo;Internacional;
278;11/05/1986;Gaúcho;Olímpico;Marcelo Vita;Internacional;
278;11/05/1986;Gaúcho;Olímpico;Renato;Grêmio;
277;23/03/1986;Gaúcho;Beira-Rio;China;Grêmio;
276;08/12/1985;Gaúcho;Olímpico;Bonamigo;Grêmio;
276;08/12/1985;Gaúcho;Olímpico;Caio Jr;Grêmio;
276;08/12/1985;Gaúcho;Olímpico;Tita;Internacional;
275;20/10/1985;Gaúcho;Beira-Rio;Henrique ;Internacional;1
275;20/10/1985;Gaúcho;Beira-Rio;Paulo Santos;Internacional;
274;24/03/1985;Brasileiro;Beira-Rio;Luis Fernando;Grêmio;
273;10/02/1985;Brasileiro;Olímpico;Ademir;Grêmio;
273;10/02/1985;Brasileiro;Olímpico;Renato;Grêmio;
272;13/12/1984;Gaúcho;Olímpico;Kita;Internacional;
272;13/12/1984;Gaúcho;Olímpico;Valdo;Grêmio;
271;25/11/1984;Gaúcho;Beira-Rio;Kita;Internacional;
271;25/11/1984;Gaúcho;Beira-Rio;Mauro Galvão;Internacional;
270;08/11/1984;Gaúcho;Beira-Rio;Carlos Alberto Garcia;Grêmio;
270;08/11/1984;Gaúcho;Beira-Rio;Rubem Paz;Internacional;
270;08/11/1984;Gaúcho;Beira-Rio;Rubem Paz;Internacional;
269;23/09/1984;Gaúcho;Olímpico;Jussiê;Internacional;
269;23/09/1984;Gaúcho;Olímpico;Rubem Paz;Internacional;
268;26/01/1984;Amistoso;Olímpico;Bonamigo ;Internacional;1
268;26/01/1984;Amistoso;Olímpico;Caio Franco;Grêmio;
268;26/01/1984;Amistoso;Olímpico;Osvaldo;Grêmio;
268;26/01/1984;Amistoso;Olímpico;Paulo César;Grêmio;
268;26/01/1984;Amistoso;Olímpico;Renato;Grêmio;
268;26/01/1984;Amistoso;Olímpico;Rubem Paz;Internacional;
267;27/11/1983;Gaúcho;Beira-Rio;Gerson;Internacional;
267;27/11/1983;Gaúcho;Beira-Rio;Milton Cruz;Internacional;
267;27/11/1983;Gaúcho;Beira-Rio;Raul;Grêmio;
267;27/11/1983;Gaúcho;Beira-Rio;Raul;Grêmio;
265;02/10/1983;Gaúcho;Beira-Rio;Mauro Galvão;Internacional;
265;02/10/1983;Gaúcho;Beira-Rio;Osvaldo;Grêmio;
264;30/07/1983;Gaúcho;Olímpico;Gerson;Internacional;
263;28/11/1982;Gaúcho;Olímpico;Geraldão;Internacional;
263;28/11/1982;Gaúcho;Olímpico;Geraldão;Internacional;
262;07/11/1982;Gaúcho;Beira-Rio;Geraldão;Internacional;
262;07/11/1982;Gaúcho;Beira-Rio;Geraldão;Internacional;
262;07/11/1982;Gaúcho;Beira-Rio;Geraldão;Internacional;
262;07/11/1982;Gaúcho;Beira-Rio;Jorge Leandro;Grêmio;
261;10/10/1982;Gaúcho;Olímpico;China;Grêmio;
261;10/10/1982;Gaúcho;Olímpico;Cléo Hickmann;Internacional;
261;10/10/1982;Gaúcho;Olímpico;Edmar;Grêmio;
261;10/10/1982;Gaúcho;Olímpico;Mauro Pastor;Internacional;
260;03/08/1982;Gaúcho;Beira-Rio;Edmar;Grêmio;
260;03/08/1982;Gaúcho;Beira-Rio;Tarciso;Grêmio;
259;29/11/1981;Gaúcho;Olímpico;Baltazar;Grêmio;
259;29/11/1981;Gaúcho;Olímpico;Silvinho;Internacional;
258;04/11/1981;Gaúcho;Beira-Rio;Bira;Internacional;
258;04/11/1981;Gaúcho;Beira-Rio;Cléo Hickmann;Internacional;
258;04/11/1981;Gaúcho;Beira-Rio;Geraldão;Grêmio;
253;19/10/1980;Gaúcho;Beira-Rio;Jair;Internacional;
252;24/08/1980;Gaúcho;Olímpico;Baltazar;Grêmio;
252;24/08/1980;Gaúcho;Olímpico;Pompéia;Internacional;
252;24/08/1980;Gaúcho;Olímpico;Pompéia;Internacional;
252;24/08/1980;Gaúcho;Olímpico;Tarciso;Grêmio;
251;06/10/1979;Brasileiro;Beira-Rio;Jair;Internacional;
250;20/09/1979;Gaúcho;Olímpico;Jair;Internacional;
250;20/09/1979;Gaúcho;Olímpico;Jorge Leandro;Grêmio;
249;26/08/1979;Gaúcho;Beira-Rio;Baltazar;Grêmio;
249;26/08/1979;Gaúcho;Beira-Rio;Chico Spina;Internacional;
249;26/08/1979;Gaúcho;Beira-Rio;Jurandir;Grêmio;
248;22/07/1979;Gaúcho;Olímpico;Borracha;Internacional;
248;22/07/1979;Gaúcho;Olímpico;Éder;Grêmio;
246;17/12/1978;Gaúcho;Olímpico;Tarciso;Grêmio;
246;17/12/1978;Gaúcho;Olímpico;Valdomiro;Internacional;
246;17/12/1978;Gaúcho;Olímpico;Valdomiro;Internacional;
245;13/12/1978;Gaúcho;Beira-Rio;Adilson;Internacional;
245;13/12/1978;Gaúcho;Beira-Rio;Adilson;Internacional;
245;13/12/1978;Gaúcho;Beira-Rio;Éder;Grêmio;
245;13/12/1978;Gaúcho;Beira-Rio;Iúra;Grêmio;
243;08/11/1978;Gaúcho;Beira-Rio;Éder;Grêmio;
243;08/11/1978;Gaúcho;Beira-Rio;Jair;Internacional;
243;08/11/1978;Gaúcho;Beira-Rio;Valdomiro;Internacional;
242;05/11/1978;Gaúcho;Olímpico;André;Grêmio;
242;05/11/1978;Gaúcho;Olímpico;Caçapava;Internacional;
241;15/09/1978;Gaúcho;Beira-Rio;Tonho;Internacional;
240;10/09/1978;Gaúcho;Olímpico;Éder;Grêmio;
240;10/09/1978;Gaúcho;Olímpico;Falcão;Internacional;
240;10/09/1978;Gaúcho;Olímpico;Renato Sá;Grêmio;
240;10/09/1978;Gaúcho;Olímpico;Valdomiro;Internacional;
239;07/09/1978;Gaúcho;Beira-Rio;Anchieta;Internacional;
238;20/08/1978;Gaúcho;Olímpico;Anchieta;Internacional;
238;20/08/1978;Gaúcho;Olímpico;André;Grêmio;
238;20/08/1978;Gaúcho;Olímpico;Éder;Grêmio;
237;23/04/1978;Brasileiro;Beira-Rio;André;Grêmio;
237;23/04/1978;Brasileiro;Beira-Rio;Éder;Grêmio;
237;23/04/1978;Brasileiro;Beira-Rio;Falcão;Internacional;
237;23/04/1978;Brasileiro;Beira-Rio;Ladinho;Grêmio;
237;23/04/1978;Brasileiro;Beira-Rio;Lúcio;Internacional;
236;06/11/1977;Brasileiro;Beira-Rio;Iúra;Grêmio;
236;06/11/1977;Brasileiro;Beira-Rio;Iúra;Grêmio;
236;06/11/1977;Brasileiro;Beira-Rio;Tadeu Ricchi;Grêmio;
236;06/11/1977;Brasileiro;Beira-Rio;Tarciso;Grêmio;
235;25/09/1977;Gaúcho;Olímpico;André;Grêmio;
234;18/09/1977;Gaúcho;Beira-Rio;Tadeu Ricchi;Grêmio;
234;18/09/1977;Gaúcho;Beira-Rio;Tarciso;Grêmio;
233;14/08/1977;Gaúcho;Olímpico;Hermínio;Internacional;
233;14/08/1977;Gaúcho;Olímpico;Iúra;Grêmio;
233;14/08/1977;Gaúcho;Olímpico;Tarciso;Grêmio;
231;29/05/1977;Gaúcho;Olímpico;Dadá Maravilha;Internacional;
230;08/05/1977;Gaúcho;Beira-Rio;Santos;Internacional;
229;17/04/1977;Gaúcho;Olímpico;Alcindo;Grêmio;
229;17/04/1977;Gaúcho;Olímpico;Tadeu Ricchi;Grêmio;
229;17/04/1977;Gaúcho;Olímpico;Tadeu Ricchi;Grêmio;
228;07/09/1976;Brasileiro;Beira-Rio;Alexandre Bueno;Grêmio;
228;07/09/1976;Brasileiro;Beira-Rio;Jair;Internacional;
228;07/09/1976;Brasileiro;Beira-Rio;Lula;Internacional;
228;07/09/1976;Brasileiro;Beira-Rio;Lula;Internacional;
227;22/08/1976;Gaúcho;Beira-Rio;Dadá Maravilha;Internacional;
227;22/08/1976;Gaúcho;Beira-Rio;Lula;Internacional;
226;18/08/1976;Gaúcho;Olímpico;Escurinho;Internacional;
226;18/08/1976;Gaúcho;Olímpico;Tarciso;Grêmio;
225;09/08/1976;Gaúcho;Beira-Rio;Beto Fuscão ;Internacional;1
224;28/07/1976;Gaúcho;Olímpico;Alexandre Bueno;Grêmio;
224;28/07/1976;Gaúcho;Olímpico;Ancheta;Grêmio;
223;25/07/1976;Gaúcho;Beira-Rio;Carpegiani;Internacional;
223;25/07/1976;Gaúcho;Beira-Rio;Figueroa;Internacional;
222;23/11/1975;Brasileiro;Beira-Rio;Beto Fuscão ;Internacional;1
221;07/09/1975;Brasileiro;Beira-Rio;Lula;Internacional;
221;07/09/1975;Brasileiro;Beira-Rio;Zequinha;Grêmio;
220;10/08/1975;Gaúcho;Beira-Rio;Flávio Minuano;Internacional;
219;06/08/1975;Gaúcho;Olímpico;Figueroa;Internacional;
219;06/08/1975;Gaúcho;Olímpico;Nenê II;Grêmio;
218;23/07/1975;Gaúcho;Beira-Rio;Falcão;Internacional;
218;23/07/1975;Gaúcho;Beira-Rio;Vacaria ;Grêmio;1
218;23/07/1975;Gaúcho;Beira-Rio;Zequinha;Grêmio;
218;23/07/1975;Gaúcho;Beira-Rio;Zequinha;Grêmio;
217;13/07/1975;Gaúcho;Olímpico;Carpegiani;Internacional;
217;13/07/1975;Gaúcho;Olímpico;Falcão ;Grêmio;1
217;13/07/1975;Gaúcho;Olímpico;Flávio Minuano;Internacional;
216;01/05/1975;Amistoso;Beira-Rio;Escurinho;Internacional;
216;01/05/1975;Amistoso;Beira-Rio;Escurinho;Internacional;
215;01/12/1974;Gaúcho;Beira-Rio;Valdomiro;Internacional;
214;29/09/1974;Gaúcho;Olímpico;Escurinho;Internacional;
213;24/03/1974;Brasileiro;Beira-Rio;Bolívar Guedes;Grêmio;
213;24/03/1974;Brasileiro;Beira-Rio;Claudiomiro;Internacional;
213;24/03/1974;Brasileiro;Beira-Rio;Valdomiro;Internacional;
212;11/11/1973;Brasileiro;Beira-Rio;Mazinho;Grêmio;
212;11/11/1973;Brasileiro;Beira-Rio;Valdomiro;Internacional;
210;20/05/1973;Gaúcho;Beira-Rio;Djair;Internacional;
210;20/05/1973;Gaúcho;Beira-Rio;Oberti;Grêmio;
209;20/09/1972;Brasileiro;Beira-Rio;Figueroa;Internacional;
208;30/08/1972;Citadino;Beira-Rio;Escurinho;Internacional;
208;30/08/1972;Citadino;Beira-Rio;Volmir;Internacional;
207;20/08/1972;Citadino;Olímpico;Arlen;Internacional;
206;06/08/1972;Gaúcho;Olímpico;Claudiomiro;Internacional;
205;21/05/1972;Gaúcho;Beira-Rio;Figueroa;Internacional;
205;21/05/1972;Gaúcho;Beira-Rio;Mazinho;Grêmio;
205;21/05/1972;Gaúcho;Beira-Rio;Pontes;Internacional;
205;21/05/1972;Gaúcho;Beira-Rio;Pontes ;Grêmio;1
203;05/03/1972;Amistoso;Olímpico;Ancheta;Grêmio;
203;05/03/1972;Amistoso;Olímpico;Claudiomiro;Internacional;
202;02/03/1972;Amistoso;Beira-Rio;Ancheta ;Internacional;1
202;02/03/1972;Amistoso;Beira-Rio;Caio;Grêmio;
201;17/10/1971;Brasileiro;Beira-Rio;Sérgio;Internacional;
200;04/08/1971;Gaúcho;Beira-Rio;Caio;Grêmio;
200;04/08/1971;Gaúcho;Beira-Rio;Caio;Grêmio;
200;04/08/1971;Gaúcho;Beira-Rio;Everaldo ;Internacional;1
200;04/08/1971;Gaúcho;Beira-Rio;Scota;Grêmio;
198;30/05/1971;Gaúcho;Beira-Rio;Canhoto;Internacional;
198;30/05/1971;Gaúcho;Beira-Rio;Loivo;Grêmio;
197;24/03/1971;Amistoso;Beira-Rio;Flecha;Grêmio;
197;24/03/1971;Amistoso;Beira-Rio;Gaspar;Grêmio;
195;20/09/1970;Gaúcho;Olímpico;Edson Madureira;Internacional;
195;20/09/1970;Gaúcho;Olímpico;Loivo;Grêmio;
195;20/09/1970;Gaúcho;Olímpico;Valdomiro;Internacional;
191;21/09/1969;Outros;Beira-Rio;Sérgio;Internacional;
187;02/06/1968;Gaúcho;Olímpico;Alcindo;Grêmio;
187;02/06/1968;Gaúcho;Olímpico;Alcindo;Grêmio;
187;02/06/1968;Gaúcho;Olímpico;Joãozinho;Grêmio;
187;02/06/1968;Gaúcho;Olímpico;Volmir;Grêmio;
186;12/05/1968;Gaúcho;Eucaliptos;Alcindo;Grêmio;
186;12/05/1968;Gaúcho;Eucaliptos;Valdomiro;Internacional;
185;17/12/1967;Gaúcho;Eucaliptos;Dorinho;Internacional;
184;16/09/1967;Gaúcho;Olímpico;Claudiomiro;Internacional;
182;24/05/1967;Outros;Olímpico;Cléo;Grêmio;
182;24/05/1967;Outros;Olímpico;Joaquim;Internacional;
181;05/03/1967;Outros;Olímpico;Bráulio;Internacional;
181;05/03/1967;Outros;Olímpico;Carlinhos;Internacional;
180;17/02/1966;Gaúcho;Olímpico;Dorinho;Internacional;
179;02/10/1966;Gaúcho;Eucaliptos;Alcindo;Grêmio;
178;12/12/1965;Gaúcho;Eucaliptos;Alcindo;Grêmio;
177;29/08/1965;Gaúcho;Olímpico;Alcindo;Grêmio;
177;29/08/1965;Gaúcho;Olímpico;David;Internacional;
177;29/08/1965;Gaúcho;Olímpico;Joãozinho;Grêmio;
175;10/12/1964;Amistoso;Olímpico;Áureo;Grêmio;
175;10/12/1964;Amistoso;Olímpico;Dorinho;Internacional;
175;10/12/1964;Amistoso;Olímpico;Edmilson;Internacional;
174;21/11/1964;Amistoso;Eucaliptos;Sapiranga;Internacional;
173;01/11/1964;Gaúcho;Olímpico;Alcindo;Grêmio;
173;01/11/1964;Gaúcho;Olímpico;Alcindo;Grêmio;
173;01/11/1964;Gaúcho;Olímpico;Joãozinho;Grêmio;
172;20/08/1964;Amistoso;Olímpico;Croaré;Internacional;
172;20/08/1964;Amistoso;Olímpico;Dorinho;Internacional;
170;23/04/1964;Amistoso;Olímpico;Alcindo;Grêmio;
170;23/04/1964;Amistoso;Olímpico;Alcindo;Grêmio;
170;23/04/1964;Amistoso;Olímpico;Alcindo;Grêmio;
169;19/04/1964;Amistoso;Outros;Vanderelei;Internacional;
168;14/12/1963;Gaúcho;Olímpico;Carlos Alberto ;Grêmio;1
167;29/09/1963;Gaúcho;Eucaliptos;Marino;Grêmio;
166;01/05/1963;Amistoso;Olímpico;Marino;Grêmio;
166;01/05/1963;Amistoso;Olímpico;Marino;Grêmio;
166;01/05/1963;Amistoso;Olímpico;Marino;Grêmio;
166;01/05/1963;Amistoso;Olímpico;Marino;Grêmio;
166;01/05/1963;Amistoso;Olímpico;Paulo Araújo;Internacional;
165;14/04/1963;Amistoso;Eucaliptos;Flávio;Internacional;
165;14/04/1963;Amistoso;Eucaliptos;Flávio;Internacional;
165;14/04/1963;Amistoso;Eucaliptos;Marino;Grêmio;
164;07/02/1963;Gaúcho;Olímpico;Flávio;Internacional;
164;07/02/1963;Gaúcho;Olímpico;Ivo Diogo;Grêmio;
164;07/02/1963;Gaúcho;Olímpico;Ivo Diogo;Grêmio;
164;07/02/1963;Gaúcho;Olímpico;Joãozinho;Grêmio;
164;07/02/1963;Gaúcho;Olímpico;Soligo;Internacional;
164;07/02/1963;Gaúcho;Olímpico;Vieira;Grêmio;
163;16/12/1962;Gaúcho;Eucaliptos;Marino;Grêmio;
163;16/12/1962;Gaúcho;Eucaliptos;Marino;Grêmio;
162;09/09/1962;Amistoso;Olímpico;Milton Kuelle;Grêmio;
162;09/09/1962;Amistoso;Olímpico;Zangão;Internacional;
161;07/09/1962;Amistoso;Outros;Élton;Grêmio;
161;07/09/1962;Amistoso;Outros;Flávio;Internacional;
161;07/09/1962;Amistoso;Outros;Marino;Grêmio;
159;18/03/1962;Outros;Eucaliptos;Joãozinho;Grêmio;
159;18/03/1962;Outros;Eucaliptos;Sapiranga;Internacional;
159;18/03/1962;Outros;Eucaliptos;Vieira;Grêmio;
158;16/02/1962;Outros;Olímpico;Élton;Grêmio;
158;16/02/1962;Outros;Olímpico;Sérgio Lopes;Internacional;
157;10/12/1961;Gaúcho;Eucaliptos;Alfeu;Internacional;
157;10/12/1961;Gaúcho;Eucaliptos;Alfeu;Internacional;
157;10/12/1961;Gaúcho;Eucaliptos;Juarez;Grêmio;
157;10/12/1961;Gaúcho;Eucaliptos;Marino;Grêmio;
157;10/12/1961;Gaúcho;Eucaliptos;Nadir;Grêmio;
156;10/09/1961;Gaúcho;Olímpico;Alfeu;Internacional;
156;10/09/1961;Gaúcho;Olímpico;Gilberto Andrade;Internacional;
156;10/09/1961;Gaúcho;Olímpico;Paulo Lumumba;Grêmio;
155;23/12/1960;Citadino;Olímpico;Alfeu;Internacional;
155;23/12/1960;Citadino;Olímpico;Cardoso;Grêmio;
155;23/12/1960;Citadino;Olímpico;Ivo Diogo;Internacional;
154;20/11/1960;Citadino;Olímpico;Deraldo;Internacional;
154;20/11/1960;Citadino;Olímpico;Juarez;Grêmio;
153;21/08/1960;Citadino;Eucaliptos;Gessy;Grêmio;
153;21/08/1960;Citadino;Eucaliptos;Ivo Diogo;Internacional;
153;21/08/1960;Citadino;Eucaliptos;Juarez;Grêmio;
153;21/08/1960;Citadino;Eucaliptos;Juarez;Grêmio;
153;21/08/1960;Citadino;Eucaliptos;Juarez;Grêmio;
153;21/08/1960;Citadino;Eucaliptos;Vieira;Grêmio;
152;21/04/1960;Amistoso;Eucaliptos;Élton;Grêmio;
152;21/04/1960;Amistoso;Eucaliptos;Milton Kuelle;Grêmio;
152;21/04/1960;Amistoso;Eucaliptos;Milton Kuelle;Grêmio;
151;05/01/1960;Citadino;Olímpico;Alfeu;Internacional;
151;05/01/1960;Citadino;Olímpico;Alfeu;Internacional;
151;05/01/1960;Citadino;Olímpico;Gessy;Grêmio;
151;05/01/1960;Citadino;Olímpico;Ivo Diogo;Internacional;
151;05/01/1960;Citadino;Olímpico;Juarez;Grêmio;
150;29/11/1959;Citadino;Olímpico;Deraldo;Internacional;
150;29/11/1959;Citadino;Olímpico;Élton;Grêmio;
150;29/11/1959;Citadino;Olímpico;Élton;Grêmio;
150;29/11/1959;Citadino;Olímpico;Gessy;Grêmio;
150;29/11/1959;Citadino;Olímpico;Milton Kuelle;Grêmio;
149;16/08/1959;Citadino;Eucaliptos;Ivo Diogo;Internacional;
149;16/08/1959;Citadino;Eucaliptos;Juarez;Grêmio;
149;16/08/1959;Citadino;Eucaliptos;Juarez;Grêmio;
148;26/04/1959;Amistoso;Eucaliptos;Cacaio;Internacional;
148;26/04/1959;Amistoso;Eucaliptos;Gessy;Grêmio;
148;26/04/1959;Amistoso;Eucaliptos;Gessy;Grêmio;
147;05/02/1959;Citadino;Olímpico;Canhotinho;Internacional;
147;05/02/1959;Citadino;Olímpico;Giovani;Grêmio;
147;05/02/1959;Citadino;Olímpico;Juarez;Grêmio;
147;05/02/1959;Citadino;Olímpico;Tati;Internacional;
146;21/12/1958;Citadino;Olímpico;Orlando ;Internacional;1
145;17/08/1958;Citadino;Eucaliptos;Bodinho;Internacional;
145;17/08/1958;Citadino;Eucaliptos;Gessy;Grêmio;
145;17/08/1958;Citadino;Eucaliptos;Vieira;Grêmio;
144;23/12/1957;Citadino;Olímpico;Ivo Diogo;Internacional;
144;23/12/1957;Citadino;Olímpico;Juarez;Grêmio;
144;23/12/1957;Citadino;Olímpico;Larry;Internacional;
143;01/12/1957;Citadino;Olímpico;Airton ;Internacional;1
143;01/12/1957;Citadino;Olímpico;Bodinho;Internacional;
143;01/12/1957;Citadino;Olímpico;Gessy;Grêmio;
143;01/12/1957;Citadino;Olímpico;Gessy;Grêmio;
143;01/12/1957;Citadino;Olímpico;Gessy;Grêmio;
143;01/12/1957;Citadino;Olímpico;Luizinho;Internacional;
143;01/12/1957;Citadino;Olímpico;Oswaldo Rolla;Grêmio;
143;01/12/1957;Citadino;Olímpico;Vieira;Grêmio;
142;28/07/1957;Citadino;Eucaliptos;Ivo Diogo;Internacional;
142;28/07/1957;Citadino;Eucaliptos;Milton Kuelle;Grêmio;
141;12/12/1956;Citadino;Eucaliptos;Ivo Diogo;Internacional;
140;02/09/1956;Citadino;Olímpico;Hercílio;Grêmio;
140;02/09/1956;Citadino;Olímpico;Juarez;Grêmio;
140;02/09/1956;Citadino;Olímpico;Larry;Internacional;
139;06/11/1955;Citadino;Eucaliptos;Bodinho;Internacional;
139;06/11/1955;Citadino;Eucaliptos;Bodinho;Internacional;
139;06/11/1955;Citadino;Eucaliptos;Jerônimo;Internacional;
139;06/11/1955;Citadino;Eucaliptos;Lindoberto ;Grêmio;1
138;24/07/1955;Citadino;Olímpico;Chinesinho;Internacional;
138;24/07/1955;Citadino;Olímpico;Milton;Grêmio;
138;24/07/1955;Citadino;Olímpico;Zunino;Grêmio;
137;09/01/1955;Amistoso;Eucaliptos;Bodinho;Internacional;
137;09/01/1955;Amistoso;Eucaliptos;Chico Preto;Grêmio;
137;09/01/1955;Amistoso;Eucaliptos;Larry;Internacional;
136;31/10/1954;Citadino;Olímpico;Bodinho;Internacional;
136;31/10/1954;Citadino;Olímpico;Zunino;Grêmio;
135;26/09/1954;Amistoso;Olímpico;Canhotinho;Internacional;
135;26/09/1954;Amistoso;Olímpico;Jerônimo;Internacional;
135;26/09/1954;Amistoso;Olímpico;Larry;Internacional;
135;26/09/1954;Amistoso;Olímpico;Larry;Internacional;
135;26/09/1954;Amistoso;Olímpico;Larry;Internacional;
135;26/09/1954;Amistoso;Olímpico;Larry;Internacional;
135;26/09/1954;Amistoso;Olímpico;Sarará;Grêmio;
135;26/09/1954;Amistoso;Olímpico;Zunino;Grêmio;
134;25/07/1954;Citadino;Outros;Larry;Internacional;
134;25/07/1954;Citadino;Outros;Larry;Internacional;
134;25/07/1954;Citadino;Outros;Luizinho;Internacional;
134;25/07/1954;Citadino;Outros;Oreco;Internacional;
133;18/07/1954;Amistoso;Eucaliptos;Bodinho;Internacional;
133;18/07/1954;Amistoso;Eucaliptos;Bodinho;Internacional;
133;18/07/1954;Amistoso;Eucaliptos;Itamar;Grêmio;
133;18/07/1954;Amistoso;Eucaliptos;Larry;Internacional;
132;11/02/1954;Amistoso;Outros;Airton;Internacional;
132;11/02/1954;Amistoso;Outros;Airton;Internacional;
132;11/02/1954;Amistoso;Outros;Airton;Internacional;
132;11/02/1954;Amistoso;Outros;Torres;Grêmio;
132;11/02/1954;Amistoso;Outros;Vitor;Grêmio;
131;01/11/1953;Citadino;Baixada;Canhotinho;Internacional;
131;01/11/1953;Citadino;Baixada;Jerônimo;Internacional;
130;05/07/1953;Citadino;Eucaliptos;Bodinho;Internacional;
130;05/07/1953;Citadino;Eucaliptos;Torres;Grêmio;
129;07/12/1952;Citadino;Eucaliptos;Bodinho;Internacional;
129;07/12/1952;Citadino;Eucaliptos;Jerônimo;Internacional;
129;07/12/1952;Citadino;Eucaliptos;Jerônimo;Internacional;
129;07/12/1952;Citadino;Eucaliptos;Luizinho;Internacional;
129;07/12/1952;Citadino;Eucaliptos;Salvador II;Internacional;
129;07/12/1952;Citadino;Eucaliptos;Sarará;Grêmio;
127;17/08/1952;Amistoso;Outros;Bodinho;Internacional;
127;17/08/1952;Amistoso;Outros;Pedrinho;Grêmio;
126;13/07/1952;Amistoso;Baixada;Camacho;Grêmio;
126;13/07/1952;Amistoso;Baixada;Camargo;Internacional;
126;13/07/1952;Amistoso;Baixada;Gita;Grêmio;
125;08/12/1952;Amistoso;Eucaliptos;Camacho;Grêmio;
125;08/12/1952;Amistoso;Eucaliptos;Huguinho;Internacional;
124;02/12/1951;Citadino;Eucaliptos;Ferraz;Grêmio;
124;02/12/1951;Citadino;Eucaliptos;Ferraz;Grêmio;
124;02/12/1951;Citadino;Eucaliptos;Huguinho;Internacional;
124;02/12/1951;Citadino;Eucaliptos;Solis;Internacional;
123;26/08/1951;Citadino;Baixada;Ferraz;Grêmio;
123;26/08/1951;Citadino;Baixada;Huguinho;Internacional;
122;20/06/1951;Amistoso;Eucaliptos;Apis;Grêmio;
122;20/06/1951;Amistoso;Eucaliptos;Canhotinho;Internacional;
122;20/06/1951;Amistoso;Eucaliptos;Geada;Grêmio;
120;03/01/1951;Amistoso;Outros;Carlitos;Internacional;
120;03/01/1951;Amistoso;Outros;Carlitos;Internacional;
120;03/01/1951;Amistoso;Outros;Solis;Internacional;
119;30/12/1950;Citadino;Outros;Adãozinho;Internacional;
118;27/12/1950;Citadino;Outros;Apis;Grêmio;
118;27/12/1950;Citadino;Outros;Ariovaldo;Grêmio;
118;27/12/1950;Citadino;Outros;Carlitos;Internacional;
118;27/12/1950;Citadino;Outros;Carlitos;Internacional;
118;27/12/1950;Citadino;Outros;Dirceu;Grêmio;
118;27/12/1950;Citadino;Outros;Solis;Internacional;
118;27/12/1950;Citadino;Outros;Solis;Internacional;
115;27/08/1950;Amistoso;Outros;Herculano;Internacional;
114;25/06/1950;Amistoso;Eucaliptos;Ariovaldo;Grêmio;
113;01/04/1950;Amistoso;Outros;Apis;Grêmio;
113;01/04/1950;Amistoso;Outros;Ghizoni;Internacional;
112;23/03/1950;Amistoso;Outros;Balejo;Grêmio;
112;23/03/1950;Amistoso;Outros;Sano;Grêmio;
112;23/03/1950;Amistoso;Outros;Sano;Grêmio;
111;14/03/1950;Amistoso;Outros;Alberi;Internacional;
111;14/03/1950;Amistoso;Outros;Ghizoni;Internacional;
110;30/10/1949;Citadino;Eucaliptos;Geada;Grêmio;
109;07/09/1949;Amistoso;Outros;Adãozinho;Internacional;
109;07/09/1949;Amistoso;Outros;Vilalba;Internacional;
108;28/08/1949;Citadino;Baixada;Carlitos;Internacional;
108;28/08/1949;Citadino;Baixada;Teotônio;Grêmio;
107;29/05/1949;Amistoso;Outros;Ariovaldo;Grêmio;
107;29/05/1949;Amistoso;Outros;Carlitos;Internacional;
107;29/05/1949;Amistoso;Outros;Geada;Grêmio;
107;29/05/1949;Amistoso;Outros;Tesourinha;Internacional;
107;29/05/1949;Amistoso;Outros;Vilalba;Internacional;
107;29/05/1949;Amistoso;Outros;Vilalba;Internacional;
106;01/05/1949;Amistoso;Outros;Adãozinho;Internacional;
106;01/05/1949;Amistoso;Outros;Adãozinho;Internacional;
106;01/05/1949;Amistoso;Outros;Ariovaldo;Grêmio;
106;01/05/1949;Amistoso;Outros;Geada;Grêmio;
105;14/12/1948;Amistoso;Eucaliptos;Ghizoni;Internacional;
105;14/12/1948;Amistoso;Eucaliptos;Ghizoni;Internacional;
104;17/09/1948;Citadino;Baixada;Carlitos;Internacional;
104;17/09/1948;Citadino;Baixada;Carlitos;Internacional;
104;17/09/1948;Citadino;Baixada;Roberto;Internacional;
104;17/09/1948;Citadino;Baixada;Vilalba;Internacional;
104;17/09/1948;Citadino;Baixada;Vilalba;Internacional;
104;17/09/1948;Citadino;Baixada;Vilalba;Internacional;
104;17/09/1948;Citadino;Baixada;Vilalba;Internacional;
103;22/08/1948;Citadino;Eucaliptos;Adãozinho;Internacional;
103;22/08/1948;Citadino;Eucaliptos;Elizeu;Internacional;
103;22/08/1948;Citadino;Eucaliptos;Hermes;Grêmio;
103;22/08/1948;Citadino;Eucaliptos;Leônidas;Internacional;
103;22/08/1948;Citadino;Eucaliptos;Teotônio;Grêmio;
102;18/07/1948;Amistoso;Outros;Carlitos;Internacional;
102;18/07/1948;Amistoso;Outros;Carlitos;Internacional;
102;18/07/1948;Amistoso;Outros;Carlitos;Internacional;
102;18/07/1948;Amistoso;Outros;Prego;Grêmio;
102;18/07/1948;Amistoso;Outros;Rebolo;Internacional;
102;18/07/1948;Amistoso;Outros;Teotônio;Grêmio;
102;18/07/1948;Amistoso;Outros;Tesourinha;Internacional;
102;18/07/1948;Amistoso;Outros;Vilalba;Internacional;
101;20/06/1948;Amistoso;Outros;Adãozinho;Internacional;
101;20/06/1948;Amistoso;Outros;Teotônio;Grêmio;
99;23/11/1947;Citadino;Outros;Adãozinho;Internacional;
99;23/11/1947;Citadino;Outros;Beroci;Grêmio;
99;23/11/1947;Citadino;Outros;Fandinho;Internacional;
99;23/11/1947;Citadino;Outros;Prego;Grêmio;
98;26/10/1947;Amistoso;Outros;Adãozinho;Internacional;
98;26/10/1947;Amistoso;Outros;Carlitos;Internacional;
98;26/10/1947;Amistoso;Outros;Carlitos;Internacional;
97;05/10/1947;Citadino;Baixada;Carlitos;Internacional;
97;05/10/1947;Citadino;Baixada;Nena ;Grêmio;1
97;05/10/1947;Citadino;Baixada;Vilalba;Internacional;
96;10/08/1947;Amistoso;Outros;Carlitos;Internacional;
96;10/08/1947;Amistoso;Outros;Massinha;Grêmio;
96;10/08/1947;Amistoso;Outros;Vilalba;Internacional;
95;20/07/1947;Citadino;Eucaliptos;Adãozinho;Internacional;
95;20/07/1947;Citadino;Eucaliptos;Sanghinetti ;Internacional;1
95;20/07/1947;Citadino;Eucaliptos;Vilalba;Internacional;
94;01/05/1947;Amistoso;Outros;Adãozinho;Internacional;
94;01/05/1947;Amistoso;Outros;Joni ;Internacional;1
94;01/05/1947;Amistoso;Outros;Tesourinha;Internacional;
94;01/05/1947;Amistoso;Outros;Vilalba;Internacional;
93;15/09/1946;Citadino;Eucaliptos;Carlitos;Internacional;
93;15/09/1946;Citadino;Eucaliptos;Cordeiro;Grêmio;
93;15/09/1946;Citadino;Eucaliptos;Cordeiro;Grêmio;
92;14/07/1946;Citadino;Baixada;Carlitos;Internacional;
91;23/06/1946;Amistoso;Outros;Adãozinho;Internacional;
91;23/06/1946;Amistoso;Outros;Bentevi;Grêmio;
91;23/06/1946;Amistoso;Outros;Beresi;Grêmio;
91;23/06/1946;Amistoso;Outros;Elizeu;Internacional;
91;23/06/1946;Amistoso;Outros;Elizeu;Internacional;
91;23/06/1946;Amistoso;Outros;Jorge;Grêmio;
91;23/06/1946;Amistoso;Outros;Jorge;Grêmio;
90;05/05/1946;Amistoso;Outros;Carlitos;Internacional;
89;30/09/1945;Citadino;Outros;Carlitos;Internacional;
89;30/09/1945;Citadino;Outros;Hugo ;Internacional;1
89;30/09/1945;Citadino;Outros;Ivo Aguiar;Internacional;
89;30/09/1945;Citadino;Outros;Massinha;Grêmio;
89;30/09/1945;Citadino;Outros;Sanghinetti;Grêmio;
89;30/09/1945;Citadino;Outros;Tesourinha;Internacional;
88;24/06/1945;Citadino;Baixada;Adãozinho;Internacional;
88;24/06/1945;Citadino;Baixada;Adãozinho;Internacional;
88;24/06/1945;Citadino;Baixada;Carlitos;Internacional;
88;24/06/1945;Citadino;Baixada;Segura;Grêmio;
88;24/06/1945;Citadino;Baixada;Tesourinha;Internacional;
87;08/04/1945;Citadino;Eucaliptos;Bentevi;Grêmio;
87;08/04/1945;Citadino;Eucaliptos;Carlitos;Internacional;
87;08/04/1945;Citadino;Eucaliptos;Elizeu;Internacional;
87;08/04/1945;Citadino;Eucaliptos;Mário;Grêmio;
87;08/04/1945;Citadino;Eucaliptos;Tesourinha;Internacional;
86;23/02/1945;Amistoso;Outros;Adãozinho;Internacional;
86;23/02/1945;Amistoso;Outros;Bombachudo;Grêmio;
85;09/02/1945;Amistoso;Outros;Adãozinho;Internacional;
85;09/02/1945;Amistoso;Outros;Xinxim;Internacional;
84;08/10/1944;Citadino;Outros;Carlitos;Internacional;
84;08/10/1944;Citadino;Outros;Ramon Castro;Grêmio;
84;08/10/1944;Citadino;Outros;Volpi;Internacional;
83;13/08/1944;Citadino;Baixada;Adãozinho;Internacional;
83;13/08/1944;Citadino;Baixada;Bentevi;Grêmio;
83;13/08/1944;Citadino;Baixada;Elizeu;Internacional;
83;13/08/1944;Citadino;Baixada;Mário;Grêmio;
83;13/08/1944;Citadino;Baixada;Ramon Castro;Grêmio;
83;13/08/1944;Citadino;Baixada;Ramon Castro;Grêmio;
83;13/08/1944;Citadino;Baixada;Rui;Internacional;
82;28/05/1944;Amistoso;Baixada;Assis;Internacional;
82;28/05/1944;Amistoso;Baixada;Bentevi;Grêmio;
82;28/05/1944;Amistoso;Baixada;Ivo;Grêmio;
82;28/05/1944;Amistoso;Baixada;Rui;Internacional;
82;28/05/1944;Amistoso;Baixada;Rui;Internacional;
82;28/05/1944;Amistoso;Baixada;Tesourinha;Internacional;
82;28/05/1944;Amistoso;Baixada;Vinícius;Grêmio;
82;28/05/1944;Amistoso;Baixada;Volpi;Internacional;
82;28/05/1944;Amistoso;Baixada;Volpi;Internacional;
82;28/05/1944;Amistoso;Baixada;Volpi;Internacional;
81;30/04/1944;Citadino;Eucaliptos;Assis;Internacional;
81;30/04/1944;Citadino;Eucaliptos;Carlitos;Internacional;
81;30/04/1944;Citadino;Eucaliptos;Ivo;Grêmio;
81;30/04/1944;Citadino;Eucaliptos;Rui;Internacional;
81;30/04/1944;Citadino;Eucaliptos;Sanghinetti;Grêmio;
81;30/04/1944;Citadino;Eucaliptos;Tesourinha;Internacional;
80;13/02/1944;Amistoso;Eucaliptos;Mário;Grêmio;
80;13/02/1944;Amistoso;Eucaliptos;Perez;Internacional;
80;13/02/1944;Amistoso;Eucaliptos;Perez;Internacional;
80;13/02/1944;Amistoso;Eucaliptos;Rui;Internacional;
80;13/02/1944;Amistoso;Eucaliptos;Tonguinha;Grêmio;
79;19/09/1943;Citadino;Baixada;Rui;Internacional;
78;11/07/1943;Citadino;Eucaliptos;Ênio;Internacional;
78;11/07/1943;Citadino;Eucaliptos;Joane;Internacional;
78;11/07/1943;Citadino;Eucaliptos;Tesourinha;Internacional;
77;06/06/1943;Citadino;Outros;Abigail;Internacional;
77;06/06/1943;Citadino;Outros;Carlitos;Internacional;
77;06/06/1943;Citadino;Outros;Galdino;Grêmio;
77;06/06/1943;Citadino;Outros;Galdino;Grêmio;
77;06/06/1943;Citadino;Outros;Soares;Grêmio;
77;06/06/1943;Citadino;Outros;Vilalba;Internacional;
76;11/03/1943;Amistoso;Eucaliptos;Carlitos;Internacional;
76;11/03/1943;Amistoso;Eucaliptos;Ezequial;Internacional;
76;11/03/1943;Amistoso;Eucaliptos;Neco;Grêmio;
76;11/03/1943;Amistoso;Eucaliptos;Rui;Internacional;
76;11/03/1943;Amistoso;Eucaliptos;Rui;Internacional;
76;11/03/1943;Amistoso;Eucaliptos;Tesourinha;Internacional;
75;28/02/1943;Amistoso;Baixada;Carlitos;Internacional;
75;28/02/1943;Amistoso;Baixada;Carlitos;Internacional;
75;28/02/1943;Amistoso;Baixada;Neco;Grêmio;
75;28/02/1943;Amistoso;Baixada;Rui;Internacional;
75;28/02/1943;Amistoso;Baixada;Tesourinha;Internacional;
75;28/02/1943;Amistoso;Baixada;Vilalba;Internacional;
74;30/08/1942;Citadino;Eucaliptos;Carlitos;Internacional;
74;30/08/1942;Citadino;Eucaliptos;Carlitos;Internacional;
74;30/08/1942;Citadino;Eucaliptos;Ivo;Grêmio;
74;30/08/1942;Citadino;Eucaliptos;Malaquias;Grêmio;
74;30/08/1942;Citadino;Eucaliptos;Tesourinha;Internacional;
74;30/08/1942;Citadino;Eucaliptos;Vilalba;Internacional;
73;12/07/1942;Citadino;Baixada;Carlitos;Internacional;
73;12/07/1942;Citadino;Baixada;Chico;Grêmio;
73;12/07/1942;Citadino;Baixada;Medina;Grêmio;
73;12/07/1942;Citadino;Baixada;Russinho;Internacional;
73;12/07/1942;Citadino;Baixada;Russinho;Internacional;
73;12/07/1942;Citadino;Baixada;Vilalba;Internacional;
72;19/04/1942;Citadino;Outros;Carlitos;Internacional;
72;19/04/1942;Citadino;Outros;Chico;Grêmio;
71;11/01/1942;Citadino;Outros;Malaquias;Grêmio;
71;11/01/1942;Citadino;Outros;Vilalba;Internacional;
70;19/10/1941;Citadino;Baixada;Malaquias;Grêmio;
70;19/10/1941;Citadino;Baixada;Ochotorena;Grêmio;
70;19/10/1941;Citadino;Baixada;Vilalba;Internacional;
69;17/08/1941;Citadino;Eucaliptos;Carlitos;Internacional;
69;17/08/1941;Citadino;Eucaliptos;Vilalba;Internacional;
69;17/08/1941;Citadino;Eucaliptos;Vilalba;Internacional;
68;25/05/1941;Amistoso;Outros;Carlitos;Internacional;
68;25/05/1941;Amistoso;Outros;Foguinho;Grêmio;
68;25/05/1941;Amistoso;Outros;Foguinho;Grêmio;
68;25/05/1941;Amistoso;Outros;Tesourinha;Internacional;
68;25/05/1941;Amistoso;Outros;Vilalba;Internacional;
67;18/05/1941;Amistoso;Outros;Carlitos;Internacional;
67;18/05/1941;Amistoso;Outros;Ivo;Grêmio;
67;18/05/1941;Amistoso;Outros;Malaquias;Grêmio;
67;18/05/1941;Amistoso;Outros;Rui;Internacional;
66;29/10/1940;Citadino;Outros;César;Grêmio;
66;29/10/1940;Citadino;Outros;Mário;Grêmio;
66;29/10/1940;Citadino;Outros;Mário;Grêmio;
66;29/10/1940;Citadino;Outros;Russinho;Internacional;
66;29/10/1940;Citadino;Outros;Russinho;Internacional;
66;29/10/1940;Citadino;Outros;Tesourinha;Internacional;
66;29/10/1940;Citadino;Outros;Tesourinha;Internacional;
65;07/07/1940;Citadino;Eucaliptos;César;Grêmio;
65;07/07/1940;Citadino;Eucaliptos;César;Grêmio;
65;07/07/1940;Citadino;Eucaliptos;Foguinho;Grêmio;
65;07/07/1940;Citadino;Eucaliptos;Foguinho;Grêmio;
65;07/07/1940;Citadino;Eucaliptos;Malaquias;Grêmio;
65;07/07/1940;Citadino;Eucaliptos;Marques;Internacional;
65;07/07/1940;Citadino;Eucaliptos;Marques;Internacional;
64;28/04/1940;Citadino;Baixada;Carlitos;Internacional;
64;28/04/1940;Citadino;Baixada;César;Grêmio;
64;28/04/1940;Citadino;Baixada;César;Grêmio;
64;28/04/1940;Citadino;Baixada;Rui;Internacional;
64;28/04/1940;Citadino;Baixada;Russinho;Internacional;
63;13/02/1940;Citadino;Eucaliptos;Acácio;Internacional;
63;13/02/1940;Citadino;Eucaliptos;César;Grêmio;
63;13/02/1940;Citadino;Eucaliptos;Foguinho;Grêmio;
63;13/02/1940;Citadino;Eucaliptos;Foguinho;Grêmio;
63;13/02/1940;Citadino;Eucaliptos;Salvador;Grêmio;
63;13/02/1940;Citadino;Eucaliptos;Tesourinha;Internacional;
62;04/01/1940;Amistoso;Baixada;Acácio;Internacional;
62;04/01/1940;Amistoso;Baixada;Acácio;Internacional;
62;04/01/1940;Amistoso;Baixada;Acácio;Internacional;
62;04/01/1940;Amistoso;Baixada;Carlitos;Internacional;
62;04/01/1940;Amistoso;Baixada;Carlitos;Internacional;
62;04/01/1940;Amistoso;Baixada;Salvador;Grêmio;
62;04/01/1940;Amistoso;Baixada;Tesourinha;Internacional;
61;17/10/1939;Citadino;Outros;Mottim ;Internacional;1
61;17/10/1939;Citadino;Outros;Pepito;Grêmio;
61;17/10/1939;Citadino;Outros;Rui;Internacional;
60;08/10/1939;Citadino;Eucaliptos;Alfeu ;Grêmio;1
60;08/10/1939;Citadino;Eucaliptos;Carlitos;Internacional;
60;08/10/1939;Citadino;Eucaliptos;Carlitos;Internacional;
60;08/10/1939;Citadino;Eucaliptos;César;Grêmio;
60;08/10/1939;Citadino;Eucaliptos;Vanário;Grêmio;
59;13/08/1939;Amistoso;Eucaliptos;Castilho;Internacional;
59;13/08/1939;Amistoso;Eucaliptos;César;Grêmio;
59;13/08/1939;Amistoso;Eucaliptos;Filhinho;Internacional;
59;13/08/1939;Amistoso;Eucaliptos;Filhinho;Internacional;
59;13/08/1939;Amistoso;Eucaliptos;Russinho;Internacional;
59;13/08/1939;Amistoso;Eucaliptos;Salvador;Grêmio;
59;13/08/1939;Amistoso;Eucaliptos;Sílvio Pirillo;Internacional;
58;20/07/1939;Amistoso;Baixada;Brandão;Internacional;
58;20/07/1939;Amistoso;Baixada;César;Grêmio;
58;20/07/1939;Amistoso;Baixada;Mesquita;Grêmio;
58;20/07/1939;Amistoso;Baixada;Pepito;Grêmio;
58;20/07/1939;Amistoso;Baixada;Russinho;Internacional;
58;20/07/1939;Amistoso;Baixada;Sílvio Pirillo;Internacional;
57;28/05/1939;Amistoso;Outros;César;Grêmio;
57;28/05/1939;Amistoso;Outros;Mesquita;Grêmio;
57;28/05/1939;Amistoso;Outros;Sílvio Pirillo;Internacional;
57;28/05/1939;Amistoso;Outros;Sílvio Pirillo;Internacional;
57;28/05/1939;Amistoso;Outros;Sílvio Pirillo;Internacional;
56;02/04/1939;Amistoso;Baixada;Pepito;Grêmio;
56;02/04/1939;Amistoso;Baixada;Russinho;Internacional;
55;01/11/1938;Amistoso;Outros;Acácio;Internacional;
55;01/11/1938;Amistoso;Outros;Acácio;Internacional;
55;01/11/1938;Amistoso;Outros;Acácio;Internacional;
55;01/11/1938;Amistoso;Outros;Filhinho;Internacional;
55;01/11/1938;Amistoso;Outros;Miguel;Internacional;
55;01/11/1938;Amistoso;Outros;Sílvio Pirillo;Internacional;
54;02/10/1938;Amistoso;Eucaliptos;Acácio;Internacional;
54;02/10/1938;Amistoso;Eucaliptos;Casaca;Grêmio;
54;02/10/1938;Amistoso;Eucaliptos;Foguinho;Grêmio;
54;02/10/1938;Amistoso;Eucaliptos;Luiz Carvalho;Grêmio;
54;02/10/1938;Amistoso;Eucaliptos;Mesquita;Grêmio;
54;02/10/1938;Amistoso;Eucaliptos;Miguel;Internacional;
54;02/10/1938;Amistoso;Eucaliptos;Sílvio Pirillo;Internacional;
53;06/06/1938;Amistoso;Outros;Acácio;Internacional;
53;06/06/1938;Amistoso;Outros;Carlitos;Internacional;
53;06/06/1938;Amistoso;Outros;Casaca;Grêmio;
53;06/06/1938;Amistoso;Outros;Casaca;Grêmio;
53;06/06/1938;Amistoso;Outros;Luiz Carvalho;Grêmio;
53;06/06/1938;Amistoso;Outros;Sílvio Pirillo;Internacional;
53;06/06/1938;Amistoso;Outros;Sílvio Pirillo;Internacional;
53;06/06/1938;Amistoso;Outros;Vanário;Grêmio;
52;08/05/1938;Citadino;Eucaliptos;Luiz Carvalho;Grêmio;
52;08/05/1938;Citadino;Eucaliptos;Luiz Carvalho;Grêmio;
52;08/05/1938;Citadino;Eucaliptos;Sílvio Pirillo;Internacional;
52;08/05/1938;Citadino;Eucaliptos;Vanário;Grêmio;
51;12/12/1937;Citadino;Eucaliptos;Acácio;Internacional;
51;12/12/1937;Citadino;Eucaliptos;Alemãozinho;Grêmio;
51;12/12/1937;Citadino;Eucaliptos;Casaca;Grêmio;
51;12/12/1937;Citadino;Eucaliptos;Castilho;Internacional;
51;12/12/1937;Citadino;Eucaliptos;Laci;Grêmio;
51;12/12/1937;Citadino;Eucaliptos;Salvador;Internacional;
51;12/12/1937;Citadino;Eucaliptos;Vanário;Grêmio;
50;21/11/1937;Amistoso;Outros;Casaca;Grêmio;
50;21/11/1937;Amistoso;Outros;Torelli;Grêmio;
49;31/10/1937;Citadino;Baixada;Acácio;Internacional;
49;31/10/1937;Citadino;Baixada;Alemãozinho;Grêmio;
49;31/10/1937;Citadino;Baixada;Alemãozinho;Grêmio;
48;01/11/1936;Citadino;Eucaliptos;Artigas;Internacional;
48;01/11/1936;Citadino;Eucaliptos;Salvador;Internacional;
47;30/08/1936;Citadino;Eucaliptos;Artigas;Internacional;
47;30/08/1936;Citadino;Eucaliptos;Mancuso;Internacional;
47;30/08/1936;Citadino;Eucaliptos;Risada;Internacional;
47;30/08/1936;Citadino;Eucaliptos;Russinho;Grêmio;
47;30/08/1936;Citadino;Eucaliptos;Russinho;Grêmio;
46;15/03/1936;Amistoso;Outros;Casaca;Grêmio;
46;15/03/1936;Amistoso;Outros;Castilhos;Internacional;
45;22/09/1935;Citadino;Baixada;Foguinho;Grêmio;
45;22/09/1935;Citadino;Baixada;Laci;Grêmio;
44;28/07/1935;Citadino;Eucaliptos;Castilho;Grêmio;
44;28/07/1935;Citadino;Eucaliptos;Mancuso;Internacional;
43;21/10/1934;Citadino;Baixada;Cavaco;Internacional;
43;21/10/1934;Citadino;Baixada;Laci;Grêmio;
43;21/10/1934;Citadino;Baixada;Tupan;Internacional;
42;24/06/1934;Citadino;Eucaliptos;Honório;Internacional;
42;24/06/1934;Citadino;Eucaliptos;Luiz Carvalho;Grêmio;
42;24/06/1934;Citadino;Eucaliptos;Mancuso;Internacional;
42;24/06/1934;Citadino;Eucaliptos;Risada;Internacional;
42;24/06/1934;Citadino;Eucaliptos;Sardinha II;Grêmio;
42;24/06/1934;Citadino;Eucaliptos;Sardinha II;Grêmio;
42;24/06/1934;Citadino;Eucaliptos;Tupan;Internacional;
41;13/08/1933;Citadino;Baixada;Alemãozinho;Grêmio;
41;13/08/1933;Citadino;Baixada;Foguinho;Grêmio;
41;13/08/1933;Citadino;Baixada;Heitor;Grêmio;
41;13/08/1933;Citadino;Baixada;Risada;Internacional;
41;13/08/1933;Citadino;Baixada;Venenoso;Internacional;
40;09/04/1933;Citadino;Baixada;Artigas;Grêmio;
40;09/04/1933;Citadino;Baixada;Luiz Carvalho;Grêmio;
40;09/04/1933;Citadino;Baixada;Luiz Carvalho;Grêmio;
40;09/04/1933;Citadino;Baixada;Marreco;Internacional;
40;09/04/1933;Citadino;Baixada;Nenê;Grêmio;
40;09/04/1933;Citadino;Baixada;Nenê;Grêmio;
40;09/04/1933;Citadino;Baixada;Tupan;Internacional;
40;09/04/1933;Citadino;Baixada;Venenoso;Internacional;
39;30/10/1932;Citadino;Eucaliptos;Luiz Carvalho;Grêmio;
38;10/07/1932;Citadino;Baixada;Artigas;Grêmio;
38;10/07/1932;Citadino;Baixada;Nenê;Grêmio;
37;18/10/1931;Citadino;Baixada;Artigas;Grêmio;
37;18/10/1931;Citadino;Baixada;Magno;Internacional;
37;18/10/1931;Citadino;Baixada;Nenê;Grêmio;
36;28/07/1931;Amistoso;Baixada;Foguinho;Grêmio;
36;28/07/1931;Amistoso;Baixada;Luiz Carvalho;Grêmio;
35;26/04/1931;Citadino;Eucaliptos;Ross;Internacional;
34;15/03/1931;Amistoso;Eucaliptos;Javel;Internacional;
34;15/03/1931;Amistoso;Eucaliptos;Javel;Internacional;
34;15/03/1931;Amistoso;Eucaliptos;Javel;Internacional;
33;14/09/1930;Citadino;Outros;Javel;Grêmio;
33;14/09/1930;Citadino;Outros;Miro;Internacional;
32;04/05/1930;Citadino;Baixada;Foguinho;Grêmio;
32;04/05/1930;Citadino;Baixada;Javel;Grêmio;
32;04/05/1930;Citadino;Baixada;Luiz Carvalho;Grêmio;
32;04/05/1930;Citadino;Baixada;Risada;Internacional;
31;10/11/1929;Citadino;Baixada;Amâncio;Grêmio;
31;10/11/1929;Citadino;Baixada;Dario ;Internacional;1
31;10/11/1929;Citadino;Baixada;Miro ;Grêmio;1
30;14/07/1929;Citadino;Chácara dos Eucaliptos;Corô;Grêmio;
30;14/07/1929;Citadino;Chácara dos Eucaliptos;Lourival;Internacional;
30;14/07/1929;Citadino;Chácara dos Eucaliptos;Lourival;Internacional;
30;14/07/1929;Citadino;Chácara dos Eucaliptos;Nenê;Internacional;
30;14/07/1929;Citadino;Chácara dos Eucaliptos;Ribeiro;Internacional;
30;14/07/1929;Citadino;Chácara dos Eucaliptos;Telêmaco;Grêmio;
29;26/05/1929;Amistoso;Baixada;Corô;Grêmio;
29;26/05/1929;Amistoso;Baixada;Magno;Internacional;
29;26/05/1929;Amistoso;Baixada;Moreno ;Grêmio;1
28;19/11/1928;Amistoso;Chácara dos Eucaliptos;Nenê;Grêmio;
28;19/11/1928;Amistoso;Chácara dos Eucaliptos;Telêmaco;Grêmio;
27;26/08/1928;Citadino;Baixada;Esperança;Grêmio;
27;26/08/1928;Citadino;Baixada;Ramão;Internacional;
27;26/08/1928;Citadino;Baixada;Ribeiro;Internacional;
27;26/08/1928;Citadino;Baixada;Telêmaco;Grêmio;
26;10/06/1928;Citadino;Chácara dos Eucaliptos;Luiz Carvalho;Grêmio;
26;10/06/1928;Citadino;Chácara dos Eucaliptos;Luiz Carvalho;Grêmio;
26;10/06/1928;Citadino;Chácara dos Eucaliptos;Ribeiro;Internacional;
26;10/06/1928;Citadino;Chácara dos Eucaliptos;Ross;Internacional;
26;10/06/1928;Citadino;Chácara dos Eucaliptos;Telêmaco;Grêmio;
25;12/06/1927;Citadino;Baixada;Barros;Internacional;
25;12/06/1927;Citadino;Baixada;Barros;Internacional;
25;12/06/1927;Citadino;Baixada;Domingos;Grêmio;
25;12/06/1927;Citadino;Baixada;Nenê;Internacional;
24;08/05/1927;Citadino;Chácara dos Eucaliptos;Miro;Internacional;
24;08/05/1927;Citadino;Chácara dos Eucaliptos;Ribeiro;Internacional;
24;08/05/1927;Citadino;Chácara dos Eucaliptos;Ross;Internacional;
24;08/05/1927;Citadino;Chácara dos Eucaliptos;Telêmaco;Grêmio;
24;08/05/1927;Citadino;Chácara dos Eucaliptos;Telêmaco;Grêmio;
23;14/11/1926;Citadino;Baixada;Barros;Internacional;
23;14/11/1926;Citadino;Baixada;Corô;Grêmio;
23;14/11/1926;Citadino;Baixada;Luiz Carvalho;Grêmio;
23;14/11/1926;Citadino;Baixada;Luiz Carvalho;Grêmio;
23;14/11/1926;Citadino;Baixada;Ribeiro;Internacional;
23;14/11/1926;Citadino;Baixada;Ribeiro;Internacional;
23;14/11/1926;Citadino;Baixada;Telêmaco;Grêmio;
22;27/06/1926;Citadino;Chácara dos Eucaliptos;Barros;Internacional;
22;27/06/1926;Citadino;Chácara dos Eucaliptos;Corô;Grêmio;
22;27/06/1926;Citadino;Chácara dos Eucaliptos;Corô;Grêmio;
22;27/06/1926;Citadino;Chácara dos Eucaliptos;Esperança;Grêmio;
22;27/06/1926;Citadino;Chácara dos Eucaliptos;Luiz Carvalho;Grêmio;
21;11/10/1925;Citadino;Outros;Barros;Internacional;
21;11/10/1925;Citadino;Outros;Barros;Internacional;
21;11/10/1925;Citadino;Outros;Luiz Carvalho;Grêmio;
21;11/10/1925;Citadino;Outros;Oliveiro;Grêmio;
20;24/05/1925;Citadino;Baixada;Barros;Internacional;
20;24/05/1925;Citadino;Baixada;Barros;Internacional;
20;24/05/1925;Citadino;Baixada;Corô;Grêmio;
20;24/05/1925;Citadino;Baixada;Meneghetti ;Grêmio;1
20;24/05/1925;Citadino;Baixada;Nenê;Grêmio;
20;24/05/1925;Citadino;Baixada;Veiga;Internacional;
19;12/11/1924;Amistoso;Chácara dos Eucaliptos;Bruno;Grêmio;
19;12/11/1924;Amistoso;Chácara dos Eucaliptos;Eduardo;Internacional;
19;12/11/1924;Amistoso;Chácara dos Eucaliptos;Veiga;Internacional;
18;27/04/1924;Amistoso;Baixada;Geny;Internacional;
18;27/04/1924;Amistoso;Baixada;Léo;Grêmio;
18;27/04/1924;Amistoso;Baixada;Ribeiro;Internacional;
18;27/04/1924;Amistoso;Baixada;Ribeiro;Internacional;
18;27/04/1924;Amistoso;Baixada;Totte;Grêmio;
18;27/04/1924;Amistoso;Baixada;Totte;Grêmio;
18;27/04/1924;Amistoso;Baixada;Totte;Grêmio;
17;01/11/1923;Amistoso;Chácara dos Eucaliptos;Armando;Grêmio;
16;23/09/1923;Amistoso;Baixada;Barros;Internacional;
16;23/09/1923;Amistoso;Baixada;Eduardo;Internacional;
16;23/09/1923;Amistoso;Baixada;Lagarto;Grêmio;
16;23/09/1923;Amistoso;Baixada;Luiz Carvalho;Grêmio;
16;23/09/1923;Amistoso;Baixada;Totte;Grêmio;
15;22/08/1920;Citadino;Baixada;Gertum;Grêmio;
15;22/08/1920;Citadino;Baixada;Lagarto;Grêmio;
15;22/08/1920;Citadino;Baixada;Rosário;Internacional;
14;02/05/1920;Citadino;Chácara dos Eucaliptos;Geny;Internacional;
14;02/05/1920;Citadino;Chácara dos Eucaliptos;Gertum;Grêmio;
14;02/05/1920;Citadino;Chácara dos Eucaliptos;Gertum;Grêmio;
14;02/05/1920;Citadino;Chácara dos Eucaliptos;Ramon;Grêmio;
14;02/05/1920;Citadino;Chácara dos Eucaliptos;Ramon;Grêmio;
13;14/09/1919;Citadino;Baixada;Bedionda;Internacional;
13;14/09/1919;Citadino;Baixada;Dorival;Grêmio;
13;14/09/1919;Citadino;Baixada;Gil;Internacional;
13;14/09/1919;Citadino;Baixada;Lagarto;Grêmio;
13;14/09/1919;Citadino;Baixada;Lewis;Grêmio;
12;20/07/1919;Citadino;Chácara dos Eucaliptos;Carlos Kluwe;Internacional;
12;20/07/1919;Citadino;Chácara dos Eucaliptos;Pedro;Internacional;
11;04/08/1918;Citadino;Baixada;Garibotti;Grêmio;
10;10/05/1918;Citadino;Chácara dos Eucaliptos;Guimarães;Internacional;
10;10/05/1918;Citadino;Chácara dos Eucaliptos;Lagarto;Grêmio;
10;10/05/1918;Citadino;Chácara dos Eucaliptos;Lagarto;Grêmio;
10;10/05/1918;Citadino;Chácara dos Eucaliptos;Mário Cunha;Internacional;
10;10/05/1918;Citadino;Chácara dos Eucaliptos;Mário Cunha;Internacional;
10;10/05/1918;Citadino;Chácara dos Eucaliptos;Pavani;Grêmio;
10;10/05/1918;Citadino;Chácara dos Eucaliptos;Ribas;Internacional;
10;10/05/1918;Citadino;Chácara dos Eucaliptos;Ribas;Internacional;
9;29/10/1916;Citadino;Baixada;Assumpção;Grêmio;
9;29/10/1916;Citadino;Baixada;Muller;Internacional;
9;29/10/1916;Citadino;Baixada;Oswaldo;Internacional;
9;29/10/1916;Citadino;Baixada;Sisson;Grêmio;
9;29/10/1916;Citadino;Baixada;Túlio;Internacional;
8;30/07/1916;Citadino;Chácara dos Eucaliptos;Scalco;Grêmio;
8;30/07/1916;Citadino;Chácara dos Eucaliptos;Vares;Internacional;
8;30/07/1916;Citadino;Chácara dos Eucaliptos;Vares;Internacional;
8;30/07/1916;Citadino;Chácara dos Eucaliptos;Vares;Internacional;
8;30/07/1916;Citadino;Chácara dos Eucaliptos;Vares;Internacional;
8;30/07/1916;Citadino;Chácara dos Eucaliptos;Vares;Internacional;
8;30/07/1916;Citadino;Chácara dos Eucaliptos;Vares;Internacional;
7;31/10/1915;Amistoso;Baixada;Bedionda;Internacional;
7;31/10/1915;Amistoso;Baixada;Bedionda;Internacional;
7;31/10/1915;Amistoso;Baixada;Muller;Internacional;
7;31/10/1915;Amistoso;Baixada;Sisson;Grêmio;
7;31/10/1915;Amistoso;Baixada;Túlio;Internacional;
6;08/06/1913;Citadino;Chácara dos Eucaliptos;Ashlin;Grêmio;
6;08/06/1913;Citadino;Chácara dos Eucaliptos;Ashlin;Grêmio;
6;08/06/1913;Citadino;Chácara dos Eucaliptos;Túlio;Internacional;
5;15/09/1912;Citadino;Baixada;Booth;Grêmio;
5;15/09/1912;Citadino;Baixada;Booth;Grêmio;
5;15/09/1912;Citadino;Baixada;Galvão;Internacional;
4;23/06/1912;Citadino;Baixada;?;Grêmio;
4;23/06/1912;Citadino;Baixada;?;Grêmio;
4;23/06/1912;Citadino;Baixada;?;Grêmio;
4;23/06/1912;Citadino;Baixada;?;Grêmio;
4;23/06/1912;Citadino;Baixada;?;Grêmio;
4;23/06/1912;Citadino;Baixada;?;Grêmio;
3;18/06/1911;Citadino;Outros;?;Grêmio;
3;18/06/1911;Citadino;Outros;?;Grêmio;
3;18/06/1911;Citadino;Outros;?;Grêmio;
3;18/06/1911;Citadino;Outros;?;Grêmio;
3;18/06/1911;Citadino;Outros;?;Grêmio;
3;18/06/1911;Citadino;Outros;?;Grêmio;
3;18/06/1911;Citadino;Outros;?;Grêmio;
3;18/06/1911;Citadino;Outros;?;Grêmio;
3;18/06/1911;Citadino;Outros;?;Grêmio;
3;18/06/1911;Citadino;Outros;Edwin Cox;Grêmio;
3;18/06/1911;Citadino;Outros;Vinholes;Internacional;
2;17/07/1910;Citadino;Baixada;Booth;Grêmio;
2;17/07/1910;Citadino;Baixada;Booth;Grêmio;
2;17/07/1910;Citadino;Baixada;Geyer;Grêmio;
2;17/07/1910;Citadino;Baixada;Moreira;Grêmio;
2;17/07/1910;Citadino;Baixada;Mostardeiro;Grêmio;
1;18/07/1909;Amistoso;Baixada;Booth;Grêmio;
1;18/07/1909;Amistoso;Baixada;Booth;Grêmio;
1;18/07/1909;Amistoso;Baixada;Booth;Grêmio;
1;18/07/1909;Amistoso;Baixada;Booth;Grêmio;
1;18/07/1909;Amistoso;Baixada;Booth;Grêmio;
1;18/07/1909;Amistoso;Baixada;Grünewald;Grêmio;
1;18/07/1909;Amistoso;Baixada;Grünewald;Grêmio;
1;18/07/1909;Amistoso;Baixada;Grünewald;Grêmio;
1;18/07/1909;Amistoso;Baixada;Grünewald;Grêmio;
1;18/07/1909;Amistoso;Baixada;Moreira;Grêmio;
